You are using make version: 4.4.1
combine_tessdata -u /usr/share/tesseract-ocr/5/tessdata/tam.traineddata data/tam/tam_v3
Extracting tessdata components from /usr/share/tesseract-ocr/5/tessdata/tam.traineddata
Wrote data/tam/tam_v3.config
Wrote data/tam/tam_v3.lstm
Wrote data/tam/tam_v3.lstm-punc-dawg
Wrote data/tam/tam_v3.lstm-word-dawg
Wrote data/tam/tam_v3.lstm-number-dawg
Wrote data/tam/tam_v3.lstm-unicharset
Wrote data/tam/tam_v3.lstm-recoder
Wrote data/tam/tam_v3.version
Version:4.00.00alpha:tam:synth20170629:[1,36,0,1Ct3,3,16Mp3,3Lfys48Lfx96Lrx96Lfx192O1c1]
0:config:size=355, offset=192
17:lstm:size=3068971, offset=547
18:lstm-punc-dawg:size=2442, offset=3069518
19:lstm-word-dawg:size=2943474, offset=3071960
20:lstm-number-dawg:size=818, offset=6015434
21:lstm-unicharset:size=5970, offset=6016252
22:lstm-recoder:size=895, offset=6022222
23:version:size=80, offset=6023117
unicharset_extractor --output_unicharset "data/tam_v3/my.unicharset" --norm_mode 2 "data/tam_v3/all-gt"
Extracting unicharset from plain text file data/tam_v3/all-gt
Invalid start of grapheme sequence:M=0xbc7
Normalization failed for string 'இது இந்திய விவசாயிகளு க்கு மிகப்பெரிய பேரழிவை ஏற்படுத்தும். தேசிய அளவில் ேலைநிறுத்தம் அதே போன்று'
Invalid start of grapheme sequence:M=0xbbe
Normalization failed for string 'முல்லா ஒரு செய்தியினைச் சொல்லுகிறாார் என்றால் உண்மையிலேயே அது நல்ல செய்தியாகத் தான் இருக்கும் என்ற'
Invalid start of grapheme sequence:M=0xbbe
Normalization failed for string 'நேருவின் தலைமையுரை யிலும் காங்கிரஸ் ாநாட்டின் தீர்மானங்களி லும் எதிரொலித்தன. அதே நகரில் மற்றொரு முக்கிய'
Invalid start of grapheme sequence:M=0xbbe
Invalid start of grapheme sequence:H=0xbcd
Normalization failed for string 'உள்ளாட்சி தோ்தலில் வெற்றி பெற்று பதவி வகித்த தலைவா், துணைத் தலைவா், வாா்டு உறுப்பினா்கள் பதவிக்'
Invalid start of grapheme sequence:M=0xbbe
Normalization failed for string 'மகாதம்பன்! என்னிடமா விளைாயடுகிறாய்?'
Invalid start of grapheme sequence:M=0xbbe
Normalization failed for string 'துண்டுவிட்டுப் புறப்பட்ட அவர்கள் நெடுந்துாரம் சென்ற பிறகு, ஆஷாடபூதி தன் தலையில் கிடந்த ஒரு துரும்பைக்'
Invalid start of grapheme sequence:M=0xbbe
Invalid start of grapheme sequence:H=0xbcd
Normalization failed for string 'அருகே வீராா்பட்டி ஊராட்சிக்கு உள்பட்ட பொம்மையாபுரத்தில் சிவகாசியைச் சோ்ந்த பாலாஜி என்பவருக்குச் சொந்தமான பட்டாசு ஆலை'
Invalid start of grapheme sequence:H=0xbcd
Normalization failed for string 'இந்த தேர்வு முடிவில் 24 பேர் 100 மதிப்பெண்கள் பெற்றுள் ்ளனர். போலியான ஆவணங்கள் உட்பட'
Invalid start of grapheme sequence:M=0xbbe
Normalization failed for string 'செய்யப்படுகிறது என்பதுான் விசித்திரம். தேசிய அளவில் மதச்சார்பற்ற சக்திகளை சிறுமைப்படுத்த பாஜகவின் கையில் காங்கிரஸ் அளிக்கும்'
Two grapheme links in a row:0xbcd 0xbcd
Invalid start of grapheme sequence:H=0xbcd
Normalization failed for string 'ஒப்புக்கொண்டுள் ளது. இதுதொடர்பாக குஜராத் மாநில சட்ட மன்றத்தில் எழுப்பப் பட்ட கேள்விக்கு அரசு அளித்்துள்ள'
Invalid start of grapheme sequence:M=0xbbe
Normalization failed for string 'செய்யப்படுகிறது என்பதுான் விசித்திரம்.'
Invalid start of grapheme sequence:M=0xbbe
Invalid start of grapheme sequence:H=0xbcd
Normalization failed for string 'க்கள் கையொப்ப மிட்ட கூட்டுத் தீா்மானம் ஒன்றிய தகவல் தொழில்நுட்பத் துறை அமைச்சர் அஸ்வினி வைஷ்ண'
Invalid start of grapheme sequence:M=0xbbe
Invalid start of grapheme sequence:H=0xbcd
Normalization failed for string 'எம்.பி.க்கள் கையொப்ப மிட்ட கூட்டுத் தீா்மானம் ஒன்றிய தகவல் தொழில்நுட்பத் துறை அமைச்சர் அஸ்வினி வைஷ்ண'
Invalid start of grapheme sequence:M=0xbbe
Normalization failed for string 'என்று துணிச்சலுடன் கூறினான். "யாரடா நீ? நான் மந்திரவாதி மகாதம்பன்! என்னிடமா விளைாயடுகிறாய்? உன்னை என்ன'
Invalid start of grapheme sequence:M=0xbbe
Normalization failed for string 'இரண்டு நாட்கள் கழித்து முல்லா ஒரு பாத்திரத்தை மட்டும் எடுத்துக் கொண்டு அண்டை வீட்டுக்காாரிடம் சென்றார்."'
Invalid start of grapheme sequence:H=0xbcd
Normalization failed for string 'அலர்ட்கோழிக்கோடு கேரளத்தில் தென்மேற்குப் பருவமழை முன் ்கூட்டியே தொடங்கி, கடந்த நாட்களாக அங்கு கனமழை வெளுத்து'
Invalid start of grapheme sequence:M=0xbbe
Invalid start of grapheme sequence:H=0xbcd
Normalization failed for string 'இதற்கு, பல்வேறு தகவல் உரிமை ஆர்வல்ர்கள் எதிா்ப்பு தெரி வித்துள்ளனர். பொது நலனையோ அல்லது வேறு'
Invalid start of grapheme sequence:H=0xbcd
Normalization failed for string '்போது பட்ஜெட் கூட்டத் தொடர் நடைபெற்று வருகிறது. மரா ட்டிய அரசர் சம்பாஜி யின் வாழ்க்கை'
Invalid start of grapheme sequence:M=0xbbe
Normalization failed for string 'விருந் துண்டுவிட்டுப் புறப்பட்ட அவர்கள் நெடுந்துாரம் சென்ற பிறகு, ஆஷாடபூதி தன் தலையில் கிடந்த ஒரு'
Invalid start of grapheme sequence:M=0xbca
Normalization failed for string 'மூன்று முக்கிய வேளாண் சட்டங்கள் திரும்பப் பெறப்பட்ட பின்னரே முடி வுக்கு வந்தது. தாராளமயக் ொள்கைகளின்'
Invalid start of grapheme sequence:M=0xbbe
Invalid start of grapheme sequence:H=0xbcd
Normalization failed for string 'நிலையில், ஆலையின் உரிமையாளர் சசிபாலனை காவல் துறையினர் கைது செய்துள்ளனர். விருதுநகா் அருகே வீராா்பட்டி ஊராட்சிக்கு'
Invalid start of grapheme sequence:M=0xbbe
Normalization failed for string 'வந்தார். இரண்டு நாட்கள் கழித்து முல்லா ஒரு பாத்திரத்தை மட்டும் எடுத்துக் கொண்டு அண்டை வீட்டுக்காாரிடம்'
Invalid start of grapheme sequence:H=0xbcd
Normalization failed for string 'குறிப்பிட்டனர். வடகிழக்கு மாநிலங்களில் ஒன் ்றான மணிப்பூர் பாஜகவின் இழிவான வகுப்புவாத அரசிய லால் கடந்த'
Invalid start of grapheme sequence:M=0xbbe
Invalid start of grapheme sequence:H=0xbcd
Normalization failed for string 'சுரண்டல் மற்றும் சமூக ஒடுக்குமுறைகளுக்கு எதிரான போராட்டங்களில் உயிா்த் தியாகம் உள்பட பல்வேறு தியாகங்களைச் செய்த'
Invalid start of grapheme sequence:H=0xbcd
Normalization failed for string 'தனி குடி யிருப்பு உரிமையும் அடங்கும். எனவே, கணவர் மூலம் பாலியல் வன் ்புணர்வு மேற்கொள்ளப்பட்டாலும்'
Invalid start of grapheme sequence:M=0xbbe
Invalid start of grapheme sequence:H=0xbcd
Normalization failed for string 'பல்வேறு தகவல் உரிமை ஆர்வல்ர்கள் எதிா்ப்பு தெரிவித்துள்ளனர்.'
Invalid start of grapheme sequence:M=0xbbe
Invalid start of grapheme sequence:H=0xbcd
Normalization failed for string 'உயிா்த் தியாகம் உள்பட பல்வேறு தியாகங்களைச் செய்த வர்கள் கம்யூனிஸ்டுகள்.'
Invalid start of grapheme sequence:M=0xbbe
Invalid start of grapheme sequence:H=0xbcd
Normalization failed for string 'தோ்தலில் வெற்றி பெற்று பதவி வகித்த தலைவா், துணைத் தலைவா், வாா்டு உறுப்பினா்கள் பதவிக் காலம்'
Invalid start of grapheme sequence:H=0xbcd
Normalization failed for string 'செய்யப்பட்டுள்ளார். உண்மையைப் பேசுவதை இடைநீக்கம் மூலம் கட்டுப் ்படுத்தலாம் என்று சிலர் நினைத்தால், அது அவர்களின்'
Invalid start of grapheme sequence:H=0xbcd
Normalization failed for string '்டும் என சீன வெளியுற வுத்துறை அமைச்ச கம் தெரிவித்துள்ளது. கடந்த பல ஆண் டுகளாக'
Invalid start of grapheme sequence:H=0xbcd
Normalization failed for string 'துரதிர்ஷ்டவசமானது. இதுபோன்ற அரசியலை நாட்டிற்கே ் துரதிர்ஷ்டவசமாக நான் கருதுகிறேன். இது ஜனநாயகத்திற்கு மிகவும் ஆபத்தானது.நாற்றமடிக்கும்'
Invalid start of grapheme sequence:H=0xbcd
Normalization failed for string '்காம் பகுதியில் ஏப்ரல் ஆம் தேதி பயங்கரவாதிகள் நடத்திய துப்பாக்கிச்சூடு தாக்குதலில் சுற்றுலா பயணிகள் உயிரிழந்தனர்.'
Invalid start of grapheme sequence:M=0xbbe
Normalization failed for string 'காங்கிரஸ் ாநாட்டின் தீர்மானங்களிலும் எதிரொலித்தன. அதே நகரில் மற்றொரு முக்கிய மாநாடும் நடைபெற்றது - அகில'
Invalid start of grapheme sequence:H=0xbcd
Normalization failed for string 'என முதல்வர் ஆதித்ய நாத் அறிவித்துள்ளார். திருவனந்தபுரம் ஜனவரி மாதம் முதல் வாரத் ்தில் பல்கலைக்கழக'
Invalid start of grapheme sequence:H=0xbcd
Normalization failed for string 'ஆர். அருண்குமார்இந்தியாவில் நகரமயமாக்கல் வெகுவேகமாக நடந்து வருகிறது. 2011 மக்கள் தொகை கணக் ்கெடுப்பின் படி,'
Invalid start of grapheme sequence:H=0xbcd
Normalization failed for string 'பிற்படுத்தப்பட்டோர் - தலித்துகள் - சிறுபான்மையினர் இணைந்த எங்கள் அரசை நாங்கள் இல் அமைப் ்போம்'
Invalid start of grapheme sequence:M=0xbc7
Normalization failed for string 'இந்திய விவசாயிகளு க்கு மிகப்பெரிய பேரழிவை ஏற்படுத்தும். தேசிய அளவில் ேலைநிறுத்தம் அதே போன்று நாட்டைக்'
Invalid start of grapheme sequence:M=0xbbe
Normalization failed for string 'எடுத்துக் கொண்டு அண்டை வீட்டுக்காாரிடம் சென்றார். " உங்களிடம் வாங்கிய பாத்திரம் இதோ இருக்கிறது. பெற்றுக்கொள்ளுங்கள்"'
Invalid start of grapheme sequence:H=0xbcd
Normalization failed for string 'பாகுபாடுகளின்றி நாலம்பலத்துக்குள் நுழைய அனைத்து சாதியினருக்கும் அனுமதிகாசர்கோடு கேரள மாநிலம் காசர்கோடு மாவட்டத்தின் பிலிகுளத் ்தில்'
Invalid start of grapheme sequence:M=0xbbe
Normalization failed for string 'சிறு கதை எழுதுக. வார்த்தைகள்: முல்லா, நகரம், மக்கள், விடுதி, சந்தேகப் பிராாணி, கருப்புத் துணி'
Invalid start of grapheme sequence:H=0xbcd
Normalization failed for string 'மதிப்பெண்கள் பெற்றுள் ்ளனர். போலியான ஆவணங்கள் உட்பட நியாயமற்ற வழிகளைப் பயன்படுத்தியதாகக் கண்டறியப்பட்ட தேர்வர்களின் முடிவுகள்'
Invalid start of grapheme sequence:H=0xbcd
Normalization failed for string '்தில் உள்ளது ராயர மங்கலம் பகவதி கோவில். இந்த கோவி லின் நாலம்பலத்துக்குள் (கரு வறைக்குள்)'
Invalid start of grapheme sequence:H=0xbcd
Normalization failed for string 'பணியாற்றினார் என் ்பதை நினைவுகூர்ந்தார்.'
Invalid start of grapheme sequence:H=0xbcd
Normalization failed for string '- ஆர்.அருண்குமார்இந்தியாவில் நகரமயமாக்கல் வெகுவேகமாக நடந்து வருகிறது. மக்கள் தொகை கணக் ்கெடுப்பின் படி, தேசிய'
Invalid start of grapheme sequence:H=0xbcd
Normalization failed for string 'எதிர்ப்புவக்பு திருத்த சட்டம் தொடர்பாக முர்ஷிதாபாத் மற்றும் அதனைச் சுற்றியுள்ள மாவட்டங் ்களில் ஏப்ரல் ஆம்'
Invalid start of grapheme sequence:H=0xbcd
Normalization failed for string 'அளவிற்கு சிறப்பாக சீத்தாராம் யெச்சூரி பணியாற்றினார் என் ்பதை நினைவுகூர்ந்தார்.'
Invalid start of grapheme sequence:H=0xbcd
Normalization failed for string 'குன்றத் ்திலே குமரனுக்கு கொண்டாட்டம் என்ற பாடல் வரி களைக் கேட்டவுடன் தலை தானாக தாளம்'
Invalid start of grapheme sequence:H=0xbcd
Normalization failed for string 'உறவுகளை நீண்ட கால கண் ணோட்டத்தில் கையாள வேண் ்டும் என சீன வெளியுற வுத்துறை'
Invalid start of grapheme sequence:M=0xbbe
Normalization failed for string 'பீர்பாால்! உனக்கு துப்பறியும் வேலை கூடத் தெரியும் என்று எனக்கு இதுநாள்வரை தெரியாதே!" என்று பாராட்டிய'
Two grapheme links in a row:0xbcd 0xbcd
Invalid start of grapheme sequence:H=0xbcd
Normalization failed for string 'போராட்டம் நடத்தினர்.மாநிலங்களவை தலைவர் ஜகதீப் தன்கரை நீக்குவதற்கான தீர்மானம் மிகவும்்வருத்தம் அளிக்கக்கூடியதாக உள்ளது என ஒன்றிய'
Invalid start of grapheme sequence:M=0xbca
Normalization failed for string 'முக்கிய வேளாண் சட்டங்கள் திரும்பப் பெறப்பட்ட பின்னரே முடி வுக்கு வந்தது.தாராளமயக் ொள்கைகளின் பின்விளைவுகள்அரசின் பங்களிப்பு'
Invalid start of grapheme sequence:M=0xbbe
Normalization failed for string 'பீர்பால்தான் அவருக்கு உதவினார் என்பதைக் கூறினார்.அட! பீர்பாால்! உனக்கு துப்பறியும் வேலை கூடத் தெரியும் என்று'
Invalid start of grapheme sequence:H=0xbcd
Normalization failed for string 'என்று உச்சநீதிமன்ற நீதிபதிகள் குறிப்பிட்டனர்.வடகிழக்கு மாநிலங்களில் ஒன் ்றான மணிப்பூர் பாஜகவின் இழிவான வகுப்புவாத அரசிய'
Invalid start of grapheme sequence:H=0xbcd
Normalization failed for string '்தில் பல்கலைக்கழக மானி யக் (யுஜிசி) குழுவின் புதிய வரைவு விதி வெளியானது. அதில், பல்கலைக்கழக'
Invalid start of grapheme sequence:M=0xbbe
Normalization failed for string 'கழித்து முல்லா ஒரு பாத்திரத்தை மட்டும் எடுத்துக் கொண்டு அண்டை வீட்டுக்காாரிடம் சென்றார். உங்களிடம் வாங்கிய'
Wrote unicharset file data/tam_v3/my.unicharset
merge_unicharsets data/tam/tam_v3.lstm-unicharset data/tam_v3/my.unicharset "data/tam_v3/unicharset"
Loaded unicharset of size 99 from file data/tam/tam_v3.lstm-unicharset
Loaded unicharset of size 90 from file data/tam_v3/my.unicharset
Wrote unicharset file data/tam_v3/unicharset.
python3 shuffle.py 0 "data/tam_v3/all-lstmf"
python3 generate_eval_train.py data/tam_v3/all-lstmf 0.90
combine_lang_model \
  --input_unicharset data/tam_v3/unicharset \
  --script_dir data/langdata \
  --numbers data/tam_v3/tam_v3.numbers \
  --puncs data/tam_v3/tam_v3.punc \
  --words data/tam_v3/tam_v3.wordlist \
  --output_dir data \
  --pass_through_recoder \
  --lang tam_v3
Failed to read data from: data/tam_v3/tam_v3.wordlist
Failed to read data from: data/tam_v3/tam_v3.punc
Failed to read data from: data/tam_v3/tam_v3.numbers
Loaded unicharset of size 108 from file data/tam_v3/unicharset
Setting unichar properties
Setting script properties
Warning: properties incomplete for index 11 = ்
Warning: properties incomplete for index 16 = ்‌
Warning: properties incomplete for index 93 = ₹
Config file is optional, continuing...
Failed to read data from: data/langdata/tam_v3/tam_v3.config
Created data/tam_v3/tam_v3.traineddata
lstmtraining \
  --debug_interval 0 \
  --traineddata data/tam_v3/tam_v3.traineddata \
  --old_traineddata /usr/share/tesseract-ocr/5/tessdata/tam.traineddata \
  --continue_from data/tam/tam_v3.lstm \
  --learning_rate 0.0001 \
  --model_output data/tam_v3/checkpoints/tam_v3 \
  --train_listfile data/tam_v3/list.train \
  --eval_listfile data/tam_v3/list.eval \
  --max_iterations 100000 \
  --target_error_rate 0.01 \
2>&1 | tee -a data/tam_v3/training.log
Loaded file data/tam/tam_v3.lstm, unpacking...
Warning: LSTMTrainer deserialized an LSTMRecognizer!
Code range changed from 99 to 108!
Num (Extended) outputs,weights in Series:
  1,36,0,1:1, 0
Num (Extended) outputs,weights in Series:
  C3,3:9, 0
  Ft16:16, 160
Total weights = 160
  [C3,3Ft16]:16, 160
  Mp3,3:16, 0
  TxyLfys48:48, 12480
  Lfx96:96, 55680
  RxLrx96:96, 74112
  Lfx192:192, 221952
  Fc108:108, 20844
Total weights = 385228
Previous null char=2 mapped to 2
Continuing from data/tam/tam_v3.lstm
2 Percent improvement time=100, best error was 100 @ 0
At iteration 100/100/100, mean rms=2.357%, delta=7.687%, BCER train=20.073%, BWER train=64.597%, skip ratio=0.000%, New best BCER = 20.073 wrote best model:data/tam_v3/checkpoints/tam_v3_20.073_100_100.checkpoint wrote checkpoint.
2 Percent improvement time=94, best error was 20.073 @ 100
At iteration 194/200/200, mean rms=2.064%, delta=5.908%, BCER train=16.824%, BWER train=56.259%, skip ratio=0.000%, New best BCER = 16.824 wrote best model:data/tam_v3/checkpoints/tam_v3_16.824_194_200.checkpoint wrote checkpoint.
2 Percent improvement time=81, best error was 16.824 @ 194
At iteration 275/300/300, mean rms=1.823%, delta=4.908%, BCER train=13.998%, BWER train=46.242%, skip ratio=0.000%, New best BCER = 13.998 wrote best model:data/tam_v3/checkpoints/tam_v3_13.998_275_300.checkpoint wrote checkpoint.
2 Percent improvement time=163, best error was 16.824 @ 194
At iteration 357/400/400, mean rms=1.698%, delta=4.378%, BCER train=12.534%, BWER train=41.949%, skip ratio=0.000%, New best BCER = 12.534 wrote best model:data/tam_v3/checkpoints/tam_v3_12.534_357_400.checkpoint wrote checkpoint.
2 Percent improvement time=161, best error was 13.998 @ 275
At iteration 436/500/500, mean rms=1.635%, delta=4.047%, BCER train=11.566%, BWER train=39.004%, skip ratio=0.000%, New best BCER = 11.566 wrote best model:data/tam_v3/checkpoints/tam_v3_11.566_436_500.checkpoint wrote checkpoint.
2 Percent improvement time=236, best error was 13.998 @ 275
At iteration 511/600/600, mean rms=1.568%, delta=3.790%, BCER train=10.758%, BWER train=36.342%, skip ratio=0.000%, New best BCER = 10.758 wrote best model:data/tam_v3/checkpoints/tam_v3_10.758_511_600.checkpoint wrote checkpoint.
2 Percent improvement time=230, best error was 12.534 @ 357
At iteration 587/700/700, mean rms=1.511%, delta=3.562%, BCER train=10.021%, BWER train=34.161%, skip ratio=0.000%, New best BCER = 10.021 wrote best model:data/tam_v3/checkpoints/tam_v3_10.021_587_700.checkpoint wrote checkpoint.
2 Percent improvement time=219, best error was 11.566 @ 436
At iteration 655/800/800, mean rms=1.442%, delta=3.311%, BCER train=9.309%, BWER train=32.179%, skip ratio=0.000%, New best BCER = 9.309 Transitioned to stage 1 wrote best model:data/tam_v3/checkpoints/tam_v3_9.309_655_800.checkpoint wrote checkpoint.
2 Percent improvement time=296, best error was 11.566 @ 436
At iteration 732/900/900, mean rms=1.409%, delta=3.182%, BCER train=8.876%, BWER train=30.767%, skip ratio=0.000%, New best BCER = 8.876 wrote best model:data/tam_v3/checkpoints/tam_v3_8.876_732_900.checkpoint wrote checkpoint.
2 Percent improvement time=291, best error was 10.758 @ 511
At iteration 802/1000/1000, mean rms=1.367%, delta=3.027%, BCER train=8.435%, BWER train=29.445%, skip ratio=0.000%, New best BCER = 8.435 wrote best model:data/tam_v3/checkpoints/tam_v3_8.435_802_1000.checkpoint wrote checkpoint.
2 Percent improvement time=216, best error was 9.309 @ 655
At iteration 871/1100/1100, mean rms=1.237%, delta=2.425%, BCER train=6.904%, BWER train=24.841%, skip ratio=0.000%, New best BCER = 6.904 wrote best model:data/tam_v3/checkpoints/tam_v3_6.904_871_1100.checkpoint wrote checkpoint.
2 Percent improvement time=132, best error was 8.435 @ 802
At iteration 934/1200/1200, mean rms=1.159%, delta=2.198%, BCER train=5.956%, BWER train=21.782%, skip ratio=0.000%, New best BCER = 5.956 wrote best model:data/tam_v3/checkpoints/tam_v3_5.956_934_1200.checkpoint wrote checkpoint.
2 Percent improvement time=194, best error was 8.435 @ 802
At iteration 996/1300/1300, mean rms=1.122%, delta=2.066%, BCER train=5.485%, BWER train=20.822%, skip ratio=0.000%, New best BCER = 5.485 wrote best model:data/tam_v3/checkpoints/tam_v3_5.485_996_1300.checkpoint wrote checkpoint.
2 Percent improvement time=257, best error was 8.435 @ 802
At iteration 1059/1400/1400, mean rms=1.074%, delta=1.901%, BCER train=4.959%, BWER train=19.340%, skip ratio=0.000%, New best BCER = 4.959 wrote best model:data/tam_v3/checkpoints/tam_v3_4.959_1059_1400.checkpoint wrote checkpoint.
2 Percent improvement time=250, best error was 6.904 @ 871
At iteration 1121/1500/1500, mean rms=1.037%, delta=1.780%, BCER train=4.558%, BWER train=18.143%, skip ratio=0.000%, New best BCER = 4.558 wrote best model:data/tam_v3/checkpoints/tam_v3_4.558_1121_1500.checkpoint wrote checkpoint.
2 Percent improvement time=315, best error was 6.904 @ 871
At iteration 1186/1600/1600, mean rms=1.008%, delta=1.635%, BCER train=4.216%, BWER train=17.287%, skip ratio=0.000%, New best BCER = 4.216 wrote best model:data/tam_v3/checkpoints/tam_v3_4.216_1186_1600.checkpoint wrote checkpoint.
2 Percent improvement time=379, best error was 6.904 @ 871
At iteration 1250/1700/1700, mean rms=0.983%, delta=1.544%, BCER train=4.043%, BWER train=16.763%, skip ratio=0.000%, New best BCER = 4.043 wrote best model:data/tam_v3/checkpoints/tam_v3_4.043_1250_1700.checkpoint wrote checkpoint.
2 Percent improvement time=384, best error was 5.956 @ 934
At iteration 1318/1800/1800, mean rms=0.972%, delta=1.505%, BCER train=3.910%, BWER train=16.263%, skip ratio=0.000%, New best BCER = 3.910 wrote best model:data/tam_v3/checkpoints/tam_v3_3.910_1318_1800.checkpoint wrote checkpoint.
2 Percent improvement time=438, best error was 5.956 @ 934
At iteration 1372/1900/1900, mean rms=0.939%, delta=1.390%, BCER train=3.645%, BWER train=15.494%, skip ratio=0.000%, New best BCER = 3.645 wrote best model:data/tam_v3/checkpoints/tam_v3_3.645_1372_1900.checkpoint wrote checkpoint.
2 Percent improvement time=441, best error was 5.485 @ 996
At iteration 1437/2000/2000, mean rms=0.926%, delta=1.360%, BCER train=3.477%, BWER train=14.937%, skip ratio=0.000%, New best BCER = 3.477 wrote best model:data/tam_v3/checkpoints/tam_v3_3.477_1437_2000.checkpoint wrote checkpoint.
2 Percent improvement time=499, best error was 5.485 @ 996
At iteration 1495/2100/2100, mean rms=0.903%, delta=1.292%, BCER train=3.270%, BWER train=14.389%, skip ratio=0.000%, New best BCER = 3.270 wrote best model:data/tam_v3/checkpoints/tam_v3_3.270_1495_2100.checkpoint wrote checkpoint.
2 Percent improvement time=545, best error was 5.485 @ 996
At iteration 1541/2200/2200, mean rms=0.881%, delta=1.204%, BCER train=3.109%, BWER train=13.672%, skip ratio=0.000%, New best BCER = 3.109 wrote best model:data/tam_v3/checkpoints/tam_v3_3.109_1541_2200.checkpoint wrote checkpoint.
At iteration 1609/2300/2300, mean rms=0.882%, delta=1.223%, BCER train=3.123%, BWER train=13.381%, skip ratio=0.000%, New worst BCER = 3.123 wrote checkpoint.
At iteration 1671/2400/2400, mean rms=0.889%, delta=1.269%, BCER train=3.256%, BWER train=13.523%, skip ratio=0.000%, New worst BCER = 3.256 wrote checkpoint.
At iteration 1733/2500/2500, mean rms=0.874%, delta=1.247%, BCER train=3.170%, BWER train=13.141%, skip ratio=0.000%, New worst BCER = 3.170 wrote checkpoint.
At iteration 1803/2600/2600, mean rms=0.873%, delta=1.302%, BCER train=3.158%, BWER train=13.067%, skip ratio=0.000%, New worst BCER = 3.158 wrote checkpoint.
2 Percent improvement time=861, best error was 5.485 @ 996
At iteration 1857/2700/2700, mean rms=0.863%, delta=1.275%, BCER train=2.986%, BWER train=12.441%, skip ratio=0.000%, New best BCER = 2.986 wrote best model:data/tam_v3/checkpoints/tam_v3_2.986_1857_2700.checkpoint wrote checkpoint.
2 Percent improvement time=856, best error was 4.959 @ 1059
At iteration 1915/2800/2800, mean rms=0.861%, delta=1.267%, BCER train=2.926%, BWER train=12.283%, skip ratio=0.000%, New best BCER = 2.926 wrote checkpoint.
2 Percent improvement time=925, best error was 4.959 @ 1059
At iteration 1984/2900/2900, mean rms=0.866%, delta=1.308%, BCER train=2.898%, BWER train=12.179%, skip ratio=0.000%, New best BCER = 2.898 wrote checkpoint.
At iteration 2056/3000/3000, mean rms=0.881%, delta=1.368%, BCER train=2.942%, BWER train=12.255%, skip ratio=0.000%, New worst BCER = 2.942 wrote checkpoint.
At iteration 2109/3100/3100, mean rms=0.889%, delta=1.456%, BCER train=3.026%, BWER train=11.983%, skip ratio=0.000%, New worst BCER = 3.026 wrote checkpoint.
At iteration 2167/3200/3200, mean rms=0.912%, delta=1.543%, BCER train=3.195%, BWER train=12.329%, skip ratio=0.000%, New worst BCER = 3.195 wrote checkpoint.
At iteration 2236/3300/3300, mean rms=0.904%, delta=1.500%, BCER train=3.168%, BWER train=12.380%, skip ratio=0.000%, New worst BCER = 3.168 wrote checkpoint.
At iteration 2301/3400/3400, mean rms=0.910%, delta=1.483%, BCER train=3.081%, BWER train=12.102%, skip ratio=0.000%, New worst BCER = 3.081 wrote checkpoint.
At iteration 2358/3500/3500, mean rms=0.915%, delta=1.497%, BCER train=3.123%, BWER train=12.057%, skip ratio=0.000%, New worst BCER = 3.123 wrote checkpoint.
At iteration 2416/3600/3600, mean rms=0.912%, delta=1.465%, BCER train=3.081%, BWER train=11.737%, skip ratio=0.000%, New worst BCER = 3.081 wrote checkpoint.
At iteration 2467/3700/3700, mean rms=0.909%, delta=1.473%, BCER train=3.173%, BWER train=11.992%, skip ratio=0.000%, New worst BCER = 3.173 wrote checkpoint.
At iteration 2514/3800/3800, mean rms=0.900%, delta=1.464%, BCER train=3.152%, BWER train=11.782%, skip ratio=0.000%, New worst BCER = 3.152 wrote checkpoint.
At iteration 2572/3900/3900, mean rms=0.902%, delta=1.430%, BCER train=3.165%, BWER train=11.795%, skip ratio=0.000%, New worst BCER = 3.165 wrote checkpoint.
At iteration 2627/4000/4000, mean rms=0.885%, delta=1.383%, BCER train=3.100%, BWER train=11.418%, skip ratio=0.000%, New worst BCER = 3.100 wrote checkpoint.
At iteration 2680/4100/4100, mean rms=0.873%, delta=1.306%, BCER train=2.974%, BWER train=11.339%, skip ratio=0.000%, New worst BCER = 2.974 wrote checkpoint.
At iteration 2741/4200/4200, mean rms=0.870%, delta=1.279%, BCER train=2.920%, BWER train=11.309%, skip ratio=0.000%, New worst BCER = 2.920 wrote checkpoint.
2 Percent improvement time=1752, best error was 4.959 @ 1059
At iteration 2811/4300/4300, mean rms=0.883%, delta=1.322%, BCER train=2.882%, BWER train=11.090%, skip ratio=0.000%, New best BCER = 2.882 wrote best model:data/tam_v3/checkpoints/tam_v3_2.882_2811_4300.checkpoint wrote checkpoint.
2 Percent improvement time=1808, best error was 4.959 @ 1059
At iteration 2867/4400/4400, mean rms=0.865%, delta=1.292%, BCER train=2.777%, BWER train=10.765%, skip ratio=0.000%, New best BCER = 2.777 wrote best model:data/tam_v3/checkpoints/tam_v3_2.777_2867_4400.checkpoint wrote checkpoint.
2 Percent improvement time=1869, best error was 4.959 @ 1059
At iteration 2928/4500/4500, mean rms=0.859%, delta=1.287%, BCER train=2.724%, BWER train=10.746%, skip ratio=0.000%, New best BCER = 2.724 wrote checkpoint.
2 Percent improvement time=1928, best error was 4.959 @ 1059
At iteration 2987/4600/4600, mean rms=0.854%, delta=1.286%, BCER train=2.691%, BWER train=10.800%, skip ratio=0.000%, New best BCER = 2.691 wrote checkpoint.
2 Percent improvement time=1988, best error was 4.959 @ 1059
At iteration 3047/4700/4700, mean rms=0.867%, delta=1.322%, BCER train=2.641%, BWER train=10.685%, skip ratio=0.000%, New best BCER = 2.641 wrote best model:data/tam_v3/checkpoints/tam_v3_2.641_3047_4700.checkpoint wrote checkpoint.
At iteration 3103/4800/4800, mean rms=0.879%, delta=1.326%, BCER train=2.674%, BWER train=10.701%, skip ratio=0.000%, New worst BCER = 2.674 wrote checkpoint.
At iteration 3160/4900/4900, mean rms=0.870%, delta=1.343%, BCER train=2.676%, BWER train=10.615%, skip ratio=0.000%, New worst BCER = 2.676 wrote checkpoint.
2 Percent improvement time=2153, best error was 4.959 @ 1059
At iteration 3212/5000/5000, mean rms=0.852%, delta=1.285%, BCER train=2.573%, BWER train=10.457%, skip ratio=0.000%, New best BCER = 2.573 wrote checkpoint.
2 Percent improvement time=2137, best error was 4.558 @ 1121
At iteration 3258/5100/5100, mean rms=0.842%, delta=1.265%, BCER train=2.528%, BWER train=10.160%, skip ratio=0.000%, New best BCER = 2.528 wrote best model:data/tam_v3/checkpoints/tam_v3_2.528_3258_5100.checkpoint wrote checkpoint.
2 Percent improvement time=2184, best error was 4.558 @ 1121
At iteration 3305/5200/5200, mean rms=0.822%, delta=1.229%, BCER train=2.389%, BWER train=9.635%, skip ratio=0.000%, New best BCER = 2.389 wrote best model:data/tam_v3/checkpoints/tam_v3_2.389_3305_5200.checkpoint wrote checkpoint.
2 Percent improvement time=2232, best error was 4.558 @ 1121
At iteration 3353/5300/5300, mean rms=0.787%, delta=1.137%, BCER train=2.231%, BWER train=9.385%, skip ratio=0.000%, New best BCER = 2.231 wrote best model:data/tam_v3/checkpoints/tam_v3_2.231_3353_5300.checkpoint wrote checkpoint.
2 Percent improvement time=2214, best error was 4.216 @ 1186
At iteration 3400/5400/5400, mean rms=0.785%, delta=1.125%, BCER train=2.208%, BWER train=9.260%, skip ratio=0.000%, New best BCER = 2.208 wrote checkpoint.
2 Percent improvement time=2265, best error was 4.216 @ 1186
At iteration 3451/5500/5500, mean rms=0.787%, delta=1.114%, BCER train=2.201%, BWER train=9.202%, skip ratio=0.000%, New best BCER = 2.201 wrote checkpoint.
2 Percent improvement time=2313, best error was 4.216 @ 1186
At iteration 3499/5600/5600, mean rms=0.779%, delta=1.073%, BCER train=2.172%, BWER train=8.927%, skip ratio=0.000%, New best BCER = 2.172 wrote checkpoint.
2 Percent improvement time=2360, best error was 4.216 @ 1186
At iteration 3546/5700/5700, mean rms=0.756%, delta=1.020%, BCER train=2.136%, BWER train=8.625%, skip ratio=0.000%, New best BCER = 2.136 wrote best model:data/tam_v3/checkpoints/tam_v3_2.136_3546_5700.checkpoint wrote checkpoint.
2 Percent improvement time=2409, best error was 4.216 @ 1186
At iteration 3595/5800/5800, mean rms=0.742%, delta=0.994%, BCER train=2.071%, BWER train=8.329%, skip ratio=0.000%, New best BCER = 2.071 wrote checkpoint.
2 Percent improvement time=2398, best error was 4.043 @ 1250
At iteration 3648/5900/5900, mean rms=0.734%, delta=0.953%, BCER train=1.999%, BWER train=8.115%, skip ratio=0.000%, New best BCER = 1.999 wrote best model:data/tam_v3/checkpoints/tam_v3_1.999_3648_5900.checkpoint wrote checkpoint.
2 Percent improvement time=2445, best error was 4.043 @ 1250
At iteration 3695/6000/6000, mean rms=0.733%, delta=0.939%, BCER train=1.998%, BWER train=8.014%, skip ratio=0.000%, New best BCER = 1.998 wrote checkpoint.
At iteration 3755/6100/6100, mean rms=0.748%, delta=0.999%, BCER train=2.061%, BWER train=8.473%, skip ratio=0.000%, New worst BCER = 2.061 wrote checkpoint.
At iteration 3808/6200/6200, mean rms=0.746%, delta=0.979%, BCER train=2.036%, BWER train=8.524%, skip ratio=0.000%, New worst BCER = 2.036 wrote checkpoint.
At iteration 3857/6300/6300, mean rms=0.753%, delta=1.002%, BCER train=2.127%, BWER train=8.417%, skip ratio=0.000%, New worst BCER = 2.127 wrote checkpoint.
At iteration 3907/6400/6400, mean rms=0.740%, delta=0.984%, BCER train=2.088%, BWER train=8.299%, skip ratio=0.000%, New worst BCER = 2.088 wrote checkpoint.
At iteration 3950/6500/6500, mean rms=0.721%, delta=0.946%, BCER train=2.006%, BWER train=7.990%, skip ratio=0.000%, New worst BCER = 2.006 wrote checkpoint.
At iteration 4004/6600/6600, mean rms=0.723%, delta=0.982%, BCER train=2.012%, BWER train=7.985%, skip ratio=0.000%, New worst BCER = 2.012 wrote checkpoint.
2 Percent improvement time=2801, best error was 4.043 @ 1250
At iteration 4051/6700/6700, mean rms=0.727%, delta=0.973%, BCER train=1.990%, BWER train=8.031%, skip ratio=0.000%, New best BCER = 1.990 wrote checkpoint.
At iteration 4102/6800/6800, mean rms=0.732%, delta=1.022%, BCER train=2.026%, BWER train=8.177%, skip ratio=0.000%, New worst BCER = 2.026 wrote checkpoint.
At iteration 4149/6900/6900, mean rms=0.737%, delta=1.062%, BCER train=2.078%, BWER train=8.158%, skip ratio=0.000%, New worst BCER = 2.078 wrote checkpoint.
At iteration 4190/7000/7000, mean rms=0.738%, delta=1.074%, BCER train=2.065%, BWER train=8.039%, skip ratio=0.000%, New worst BCER = 2.065 wrote checkpoint.
At iteration 4248/7100/7100, mean rms=0.743%, delta=1.075%, BCER train=2.061%, BWER train=7.755%, skip ratio=0.000%, New worst BCER = 2.061 wrote checkpoint.
At iteration 4307/7200/7200, mean rms=0.752%, delta=1.100%, BCER train=2.101%, BWER train=7.764%, skip ratio=0.000%, New worst BCER = 2.101 wrote checkpoint.
At iteration 4365/7300/7300, mean rms=0.758%, delta=1.099%, BCER train=2.075%, BWER train=7.798%, skip ratio=0.000%, New worst BCER = 2.075 wrote checkpoint.
At iteration 4413/7400/7400, mean rms=0.765%, delta=1.117%, BCER train=2.095%, BWER train=7.738%, skip ratio=0.000%, New worst BCER = 2.095 wrote checkpoint.
At iteration 4461/7500/7500, mean rms=0.770%, delta=1.137%, BCER train=2.111%, BWER train=7.678%, skip ratio=0.000%, New worst BCER = 2.111 wrote checkpoint.
At iteration 4513/7600/7600, mean rms=0.770%, delta=1.142%, BCER train=2.148%, BWER train=7.655%, skip ratio=0.000%, New worst BCER = 2.148 wrote checkpoint.
At iteration 4567/7700/7700, mean rms=0.787%, delta=1.206%, BCER train=2.199%, BWER train=7.735%, skip ratio=0.000%, New worst BCER = 2.199 wrote checkpoint.
At iteration 4620/7800/7800, mean rms=0.795%, delta=1.238%, BCER train=2.292%, BWER train=7.747%, skip ratio=0.000%, New worst BCER = 2.292 wrote checkpoint.
At iteration 4673/7900/7900, mean rms=0.788%, delta=1.195%, BCER train=2.212%, BWER train=7.616%, skip ratio=0.000%, New worst BCER = 2.212 wrote checkpoint.
At iteration 4718/8000/8000, mean rms=0.798%, delta=1.216%, BCER train=2.290%, BWER train=7.864%, skip ratio=0.000%, New worst BCER = 2.290 wrote checkpoint.
At iteration 4765/8100/8100, mean rms=0.787%, delta=1.165%, BCER train=2.262%, BWER train=7.735%, skip ratio=0.000%, New worst BCER = 2.262 wrote checkpoint.
At iteration 4816/8200/8200, mean rms=0.777%, delta=1.136%, BCER train=2.191%, BWER train=7.547%, skip ratio=0.000%, New worst BCER = 2.191 wrote checkpoint.
At iteration 4862/8300/8300, mean rms=0.761%, delta=1.111%, BCER train=2.159%, BWER train=7.479%, skip ratio=0.000%, New worst BCER = 2.159 wrote checkpoint.
At iteration 4909/8400/8400, mean rms=0.753%, delta=1.085%, BCER train=2.136%, BWER train=7.568%, skip ratio=0.000%, New worst BCER = 2.136 wrote checkpoint.
At iteration 4964/8500/8500, mean rms=0.761%, delta=1.117%, BCER train=2.174%, BWER train=7.743%, skip ratio=0.000%, New worst BCER = 2.174 wrote checkpoint.
At iteration 5007/8600/8600, mean rms=0.746%, delta=1.080%, BCER train=2.075%, BWER train=7.665%, skip ratio=0.000%, New worst BCER = 2.075 wrote checkpoint.
At iteration 5054/8700/8700, mean rms=0.724%, delta=1.036%, BCER train=2.030%, BWER train=7.390%, skip ratio=0.000%, New worst BCER = 2.030 wrote checkpoint.
2 Percent improvement time=3781, best error was 3.91 @ 1318
Warning: LSTMTrainer deserialized an LSTMRecognizer!
At iteration 5099/8800/8800, mean rms=0.709%, delta=0.984%, BCER train=1.878%, BWER train=7.175%, skip ratio=0.000%, New best BCER = 1.878 wrote best model:data/tam_v3/checkpoints/tam_v3_1.878_5099_8800.checkpoint wrote checkpoint.
At iteration 5148/8900/8900, mean rms=0.710%, delta=0.977%, BCER train=1.892%, BWER train=7.341%, skip ratio=0.000%, New worst BCER = 1.892 wrote checkpoint.
2 Percent improvement time=3873, best error was 3.91 @ 1318
At iteration 5191/9000/9000, mean rms=0.698%, delta=0.959%, BCER train=1.804%, BWER train=7.125%, skip ratio=0.000%, New best BCER = 1.804 wrote best model:data/tam_v3/checkpoints/tam_v3_1.804_5191_9000.checkpoint wrote checkpoint.
2 Percent improvement time=3917, best error was 3.91 @ 1318
At iteration 5235/9100/9100, mean rms=0.692%, delta=0.954%, BCER train=1.744%, BWER train=7.012%, skip ratio=0.000%, New best BCER = 1.744 wrote best model:data/tam_v3/checkpoints/tam_v3_1.744_5235_9100.checkpoint wrote checkpoint.
At iteration 5277/9200/9200, mean rms=0.689%, delta=0.975%, BCER train=1.774%, BWER train=6.989%, skip ratio=0.000%, New worst BCER = 1.774 wrote checkpoint.
At iteration 5324/9300/9300, mean rms=0.695%, delta=1.000%, BCER train=1.778%, BWER train=6.773%, skip ratio=0.000%, New worst BCER = 1.778 wrote checkpoint.
At iteration 5382/9400/9400, mean rms=0.709%, delta=1.033%, BCER train=1.799%, BWER train=6.962%, skip ratio=0.000%, New worst BCER = 1.799 wrote checkpoint.
2 Percent improvement time=4112, best error was 3.91 @ 1318
At iteration 5430/9500/9500, mean rms=0.694%, delta=0.984%, BCER train=1.741%, BWER train=6.690%, skip ratio=0.000%, New best BCER = 1.741 wrote checkpoint.
At iteration 5481/9600/9600, mean rms=0.699%, delta=0.977%, BCER train=1.756%, BWER train=6.699%, skip ratio=0.000%, New worst BCER = 1.756 wrote checkpoint.
2 Percent improvement time=4215, best error was 3.91 @ 1318
At iteration 5533/9700/9700, mean rms=0.706%, delta=0.974%, BCER train=1.731%, BWER train=6.812%, skip ratio=0.000%, New best BCER = 1.731 wrote checkpoint.
At iteration 5580/9800/9800, mean rms=0.706%, delta=0.970%, BCER train=1.794%, BWER train=6.944%, skip ratio=0.000%, New worst BCER = 1.794 wrote checkpoint.
At iteration 5633/9900/9900, mean rms=0.708%, delta=0.976%, BCER train=1.782%, BWER train=6.847%, skip ratio=0.000%, New worst BCER = 1.782 wrote checkpoint.
At iteration 5678/10000/10000, mean rms=0.710%, delta=1.016%, BCER train=1.953%, BWER train=6.980%, skip ratio=0.000%, New worst BCER = 1.953 wrote checkpoint.
At iteration 5731/10100/10100, mean rms=0.712%, delta=1.004%, BCER train=1.957%, BWER train=7.070%, skip ratio=0.000%, New worst BCER = 1.957 wrote checkpoint.
At iteration 5772/10200/10200, mean rms=0.698%, delta=0.944%, BCER train=1.907%, BWER train=6.961%, skip ratio=0.000%, New worst BCER = 1.907 wrote checkpoint.
At iteration 5814/10300/10300, mean rms=0.686%, delta=0.909%, BCER train=1.870%, BWER train=7.023%, skip ratio=0.000%, New worst BCER = 1.870 wrote checkpoint.
At iteration 5862/10400/10400, mean rms=0.682%, delta=0.910%, BCER train=1.933%, BWER train=6.962%, skip ratio=0.000%, New worst BCER = 1.933 wrote checkpoint.
At iteration 5905/10500/10500, mean rms=0.672%, delta=0.889%, BCER train=1.877%, BWER train=6.978%, skip ratio=0.000%, New worst BCER = 1.877 wrote checkpoint.
At iteration 5954/10600/10600, mean rms=0.678%, delta=0.923%, BCER train=1.910%, BWER train=6.914%, skip ratio=0.000%, New worst BCER = 1.910 wrote checkpoint.
At iteration 5996/10700/10700, mean rms=0.677%, delta=0.941%, BCER train=1.921%, BWER train=6.721%, skip ratio=0.000%, New worst BCER = 1.921 wrote checkpoint.
At iteration 6036/10800/10800, mean rms=0.667%, delta=0.896%, BCER train=1.838%, BWER train=6.507%, skip ratio=0.000%, New worst BCER = 1.838 wrote checkpoint.
At iteration 6097/10900/10900, mean rms=0.686%, delta=0.958%, BCER train=1.989%, BWER train=6.621%, skip ratio=0.000%, New worst BCER = 1.989 wrote checkpoint.
At iteration 6150/11000/11000, mean rms=0.694%, delta=0.945%, BCER train=1.920%, BWER train=6.740%, skip ratio=0.000%, New worst BCER = 1.920 wrote checkpoint.
At iteration 6202/11100/11100, mean rms=0.699%, delta=0.969%, BCER train=1.931%, BWER train=6.763%, skip ratio=0.000%, New worst BCER = 1.931 wrote checkpoint.
At iteration 6250/11200/11200, mean rms=0.715%, delta=1.027%, BCER train=1.973%, BWER train=6.825%, skip ratio=0.000%, New worst BCER = 1.973 wrote checkpoint.
At iteration 6296/11300/11300, mean rms=0.720%, delta=1.026%, BCER train=1.969%, BWER train=6.735%, skip ratio=0.000%, New worst BCER = 1.969 wrote checkpoint.
At iteration 6343/11400/11400, mean rms=0.710%, delta=0.994%, BCER train=1.858%, BWER train=6.469%, skip ratio=0.000%, New worst BCER = 1.858 wrote checkpoint.
At iteration 6391/11500/11500, mean rms=0.722%, delta=1.020%, BCER train=1.941%, BWER train=6.507%, skip ratio=0.000%, New worst BCER = 1.941 wrote checkpoint.
At iteration 6437/11600/11600, mean rms=0.727%, delta=1.024%, BCER train=1.909%, BWER train=6.478%, skip ratio=0.000%, New worst BCER = 1.909 wrote checkpoint.
At iteration 6480/11700/11700, mean rms=0.721%, delta=0.979%, BCER train=1.908%, BWER train=6.618%, skip ratio=0.000%, New worst BCER = 1.908 wrote checkpoint.
At iteration 6525/11800/11800, mean rms=0.723%, delta=0.996%, BCER train=1.925%, BWER train=6.744%, skip ratio=0.000%, New worst BCER = 1.925 wrote checkpoint.
At iteration 6564/11900/11900, mean rms=0.701%, delta=0.953%, BCER train=1.759%, BWER train=6.462%, skip ratio=0.000%, New worst BCER = 1.759Previous test incomplete, skipping test at iteration 5533 wrote checkpoint.
2 Percent improvement time=5292, best error was 3.91 @ 1318
At iteration 6610/12000/12000, mean rms=0.686%, delta=0.895%, BCER train=1.680%, BWER train=6.280%, skip ratio=0.000%, New best BCER = 1.680Previous test incomplete, skipping test at iteration 6564 wrote best model:data/tam_v3/checkpoints/tam_v3_1.680_6610_12000.checkpoint wrote checkpoint.
At iteration 6651/12100/12100, mean rms=0.676%, delta=0.858%, BCER train=1.699%, BWER train=6.383%, skip ratio=0.000%, New worst BCER = 1.699 wrote checkpoint.
At iteration 6700/12200/12200, mean rms=0.674%, delta=0.838%, BCER train=1.693%, BWER train=6.469%, skip ratio=0.000%, New worst BCER = 1.693 wrote checkpoint.
At iteration 6746/12300/12300, mean rms=0.674%, delta=0.845%, BCER train=1.680%, BWER train=6.485%, skip ratio=0.000%, wrote checkpoint.
At iteration 6795/12400/12400, mean rms=0.688%, delta=0.896%, BCER train=1.812%, BWER train=6.701%, skip ratio=0.000%, New worst BCER = 1.812 wrote checkpoint.
At iteration 6842/12500/12500, mean rms=0.688%, delta=0.876%, BCER train=1.782%, BWER train=6.751%, skip ratio=0.000%, New worst BCER = 1.782 wrote checkpoint.
At iteration 6886/12600/12600, mean rms=0.676%, delta=0.848%, BCER train=1.783%, BWER train=6.773%, skip ratio=0.000%, New worst BCER = 1.783 wrote checkpoint.
At iteration 6933/12700/12700, mean rms=0.677%, delta=0.879%, BCER train=1.809%, BWER train=6.660%, skip ratio=0.000%, New worst BCER = 1.809 wrote checkpoint.
At iteration 6981/12800/12800, mean rms=0.681%, delta=0.887%, BCER train=1.816%, BWER train=6.688%, skip ratio=0.000%, New worst BCER = 1.816 wrote checkpoint.
At iteration 7019/12900/12900, mean rms=0.664%, delta=0.838%, BCER train=1.768%, BWER train=6.672%, skip ratio=0.000%, New worst BCER = 1.768 wrote checkpoint.
At iteration 7055/13000/13000, mean rms=0.669%, delta=0.902%, BCER train=1.816%, BWER train=6.517%, skip ratio=0.000%, New worst BCER = 1.816 wrote checkpoint.
At iteration 7107/13100/13100, mean rms=0.679%, delta=0.947%, BCER train=1.804%, BWER train=6.349%, skip ratio=0.000%, New worst BCER = 1.804 wrote checkpoint.
At iteration 7154/13200/13200, mean rms=0.667%, delta=0.915%, BCER train=1.787%, BWER train=6.246%, skip ratio=0.000%, New worst BCER = 1.787 wrote checkpoint.
At iteration 7202/13300/13300, mean rms=0.673%, delta=0.939%, BCER train=1.822%, BWER train=6.235%, skip ratio=0.000%, New worst BCER = 1.822 wrote checkpoint.
At iteration 7250/13400/13400, mean rms=0.669%, delta=0.900%, BCER train=1.715%, BWER train=5.956%, skip ratio=0.000%, New worst BCER = 1.715 wrote checkpoint.
At iteration 7298/13500/13500, mean rms=0.668%, delta=0.907%, BCER train=1.723%, BWER train=5.989%, skip ratio=0.000%, New worst BCER = 1.723 wrote checkpoint.
At iteration 7344/13600/13600, mean rms=0.664%, delta=0.889%, BCER train=1.685%, BWER train=5.905%, skip ratio=0.000%, New worst BCER = 1.685 wrote checkpoint.
2 Percent improvement time=6077, best error was 3.91 @ 1318
At iteration 7395/13700/13700, mean rms=0.666%, delta=0.878%, BCER train=1.668%, BWER train=5.999%, skip ratio=0.000%, New best BCER = 1.668 wrote checkpoint.
At iteration 7442/13800/13800, mean rms=0.672%, delta=0.912%, BCER train=1.719%, BWER train=5.989%, skip ratio=0.000%, New worst BCER = 1.719 wrote checkpoint.
At iteration 7482/13900/13900, mean rms=0.692%, delta=0.944%, BCER train=1.800%, BWER train=6.039%, skip ratio=0.000%, New worst BCER = 1.800 wrote checkpoint.
At iteration 7523/14000/14000, mean rms=0.686%, delta=0.902%, BCER train=1.714%, BWER train=6.012%, skip ratio=0.000%, New worst BCER = 1.714 wrote checkpoint.
At iteration 7569/14100/14100, mean rms=0.680%, delta=0.902%, BCER train=1.739%, BWER train=5.994%, skip ratio=0.000%, New worst BCER = 1.739 wrote checkpoint.
At iteration 7620/14200/14200, mean rms=0.694%, delta=0.942%, BCER train=1.742%, BWER train=6.029%, skip ratio=0.000%, New worst BCER = 1.742 wrote checkpoint.
At iteration 7661/14300/14300, mean rms=0.688%, delta=0.921%, BCER train=1.750%, BWER train=6.170%, skip ratio=0.000%, New worst BCER = 1.750 wrote checkpoint.
At iteration 7704/14400/14400, mean rms=0.683%, delta=0.935%, BCER train=1.734%, BWER train=6.145%, skip ratio=0.000%, New worst BCER = 1.734 wrote checkpoint.
At iteration 7751/14500/14500, mean rms=0.682%, delta=0.921%, BCER train=1.684%, BWER train=6.027%, skip ratio=0.000%, New worst BCER = 1.684 wrote checkpoint.
At iteration 7804/14600/14600, mean rms=0.707%, delta=0.981%, BCER train=1.803%, BWER train=6.167%, skip ratio=0.000%, New worst BCER = 1.803 wrote checkpoint.
At iteration 7842/14700/14700, mean rms=0.697%, delta=0.968%, BCER train=1.750%, BWER train=6.117%, skip ratio=0.000%, New worst BCER = 1.750 wrote checkpoint.
At iteration 7893/14800/14800, mean rms=0.695%, delta=0.946%, BCER train=1.699%, BWER train=6.025%, skip ratio=0.000%, New worst BCER = 1.699 wrote checkpoint.
At iteration 7940/14900/14900, mean rms=0.692%, delta=0.965%, BCER train=1.741%, BWER train=6.037%, skip ratio=0.000%, New worst BCER = 1.741 wrote checkpoint.
At iteration 7988/15000/15000, mean rms=0.699%, delta=0.983%, BCER train=1.827%, BWER train=6.383%, skip ratio=0.000%, New worst BCER = 1.827 wrote checkpoint.
At iteration 8038/15100/15100, mean rms=0.703%, delta=0.987%, BCER train=1.862%, BWER train=6.313%, skip ratio=0.000%, New worst BCER = 1.862 wrote checkpoint.
At iteration 8082/15200/15200, mean rms=0.697%, delta=0.980%, BCER train=1.881%, BWER train=6.380%, skip ratio=0.000%, New worst BCER = 1.881 wrote checkpoint.
At iteration 8121/15300/15300, mean rms=0.695%, delta=0.973%, BCER train=1.851%, BWER train=6.273%, skip ratio=0.000%, New worst BCER = 1.851 wrote checkpoint.
At iteration 8166/15400/15400, mean rms=0.692%, delta=0.975%, BCER train=1.872%, BWER train=6.367%, skip ratio=0.000%, New worst BCER = 1.872 wrote checkpoint.
At iteration 8202/15500/15500, mean rms=0.688%, delta=0.993%, BCER train=1.901%, BWER train=6.321%, skip ratio=0.000%, New worst BCER = 1.901 wrote checkpoint.
At iteration 8249/15600/15600, mean rms=0.673%, delta=0.967%, BCER train=1.879%, BWER train=6.289%, skip ratio=0.000%, New worst BCER = 1.879 wrote checkpoint.
At iteration 8302/15700/15700, mean rms=0.683%, delta=0.999%, BCER train=1.938%, BWER train=6.257%, skip ratio=0.000%, New worst BCER = 1.938 wrote checkpoint.
At iteration 8359/15800/15800, mean rms=0.687%, delta=1.009%, BCER train=1.983%, BWER train=6.324%, skip ratio=0.000%, New worst BCER = 1.983 wrote checkpoint.
At iteration 8400/15900/15900, mean rms=0.684%, delta=0.993%, BCER train=1.889%, BWER train=6.162%, skip ratio=0.000%, New worst BCER = 1.889Previous test incomplete, skipping test at iteration 7395 wrote checkpoint.
At iteration 8443/16000/16000, mean rms=0.678%, delta=0.973%, BCER train=1.875%, BWER train=5.966%, skip ratio=0.000%, wrote checkpoint.
At iteration 8483/16100/16100, mean rms=0.658%, delta=0.927%, BCER train=1.756%, BWER train=5.899%, skip ratio=0.000%, wrote checkpoint.
At iteration 8527/16200/16200, mean rms=0.645%, delta=0.884%, BCER train=1.709%, BWER train=5.824%, skip ratio=0.000%, wrote checkpoint.
At iteration 8570/16300/16300, mean rms=0.644%, delta=0.895%, BCER train=1.714%, BWER train=5.778%, skip ratio=0.000%, wrote checkpoint.
At iteration 8616/16400/16400, mean rms=0.648%, delta=0.897%, BCER train=1.804%, BWER train=5.765%, skip ratio=0.000%, wrote checkpoint.
At iteration 8652/16500/16500, mean rms=0.652%, delta=0.911%, BCER train=1.847%, BWER train=5.904%, skip ratio=0.000%, wrote checkpoint.
At iteration 8705/16600/16600, mean rms=0.651%, delta=0.911%, BCER train=1.798%, BWER train=5.839%, skip ratio=0.000%, wrote checkpoint.
At iteration 8744/16700/16700, mean rms=0.637%, delta=0.882%, BCER train=1.746%, BWER train=5.670%, skip ratio=0.000%, wrote checkpoint.
2 Percent improvement time=7464, best error was 3.91 @ 1318
At iteration 8782/16800/16800, mean rms=0.624%, delta=0.855%, BCER train=1.663%, BWER train=5.597%, skip ratio=0.000%, New best BCER = 1.663Previous test incomplete, skipping test at iteration 8400 wrote checkpoint.
2 Percent improvement time=7503, best error was 3.91 @ 1318
At iteration 8821/16900/16900, mean rms=0.618%, delta=0.856%, BCER train=1.658%, BWER train=5.626%, skip ratio=0.000%, New best BCER = 1.658 wrote checkpoint.
2 Percent improvement time=7546, best error was 3.91 @ 1318
At iteration 8864/17000/17000, mean rms=0.623%, delta=0.891%, BCER train=1.648%, BWER train=5.536%, skip ratio=0.000%, New best BCER = 1.648 wrote checkpoint.
At iteration 8917/17100/17100, mean rms=0.638%, delta=0.906%, BCER train=1.729%, BWER train=5.815%, skip ratio=0.000%, New worst BCER = 1.729 wrote checkpoint.
At iteration 8966/17200/17200, mean rms=0.651%, delta=0.964%, BCER train=1.815%, BWER train=5.793%, skip ratio=0.000%, New worst BCER = 1.815 wrote checkpoint.
At iteration 9007/17300/17300, mean rms=0.653%, delta=0.955%, BCER train=1.825%, BWER train=5.748%, skip ratio=0.000%, New worst BCER = 1.825 wrote checkpoint.
At iteration 9042/17400/17400, mean rms=0.644%, delta=0.939%, BCER train=1.740%, BWER train=5.707%, skip ratio=0.000%, New worst BCER = 1.740 wrote checkpoint.
At iteration 9089/17500/17500, mean rms=0.643%, delta=0.953%, BCER train=1.723%, BWER train=5.567%, skip ratio=0.000%, New worst BCER = 1.723 wrote checkpoint.
At iteration 9119/17600/17600, mean rms=0.624%, delta=0.929%, BCER train=1.683%, BWER train=5.382%, skip ratio=0.000%, New worst BCER = 1.683 wrote checkpoint.
At iteration 9155/17700/17700, mean rms=0.624%, delta=0.920%, BCER train=1.690%, BWER train=5.451%, skip ratio=0.000%, New worst BCER = 1.690 wrote checkpoint.
At iteration 9190/17800/17800, mean rms=0.624%, delta=0.934%, BCER train=1.728%, BWER train=5.470%, skip ratio=0.000%, New worst BCER = 1.728 wrote checkpoint.
At iteration 9231/17900/17900, mean rms=0.625%, delta=0.938%, BCER train=1.783%, BWER train=5.525%, skip ratio=0.000%, New worst BCER = 1.783 wrote checkpoint.
At iteration 9280/18000/18000, mean rms=0.632%, delta=0.953%, BCER train=1.813%, BWER train=5.631%, skip ratio=0.000%, New worst BCER = 1.813 wrote checkpoint.
At iteration 9329/18100/18100, mean rms=0.628%, delta=0.956%, BCER train=1.761%, BWER train=5.416%, skip ratio=0.000%, New worst BCER = 1.761 wrote checkpoint.
At iteration 9374/18200/18200, mean rms=0.623%, delta=0.951%, BCER train=1.759%, BWER train=5.292%, skip ratio=0.000%, New worst BCER = 1.759 wrote checkpoint.
At iteration 9420/18300/18300, mean rms=0.623%, delta=0.958%, BCER train=1.771%, BWER train=5.410%, skip ratio=0.000%, New worst BCER = 1.771 wrote checkpoint.
At iteration 9465/18400/18400, mean rms=0.625%, delta=0.939%, BCER train=1.807%, BWER train=5.400%, skip ratio=0.000%, New worst BCER = 1.807 wrote checkpoint.
At iteration 9514/18500/18500, mean rms=0.630%, delta=0.929%, BCER train=1.828%, BWER train=5.565%, skip ratio=0.000%, New worst BCER = 1.828 wrote checkpoint.
At iteration 9561/18600/18600, mean rms=0.647%, delta=0.949%, BCER train=1.856%, BWER train=5.661%, skip ratio=0.000%, New worst BCER = 1.856 wrote checkpoint.
At iteration 9610/18700/18700, mean rms=0.658%, delta=0.982%, BCER train=1.850%, BWER train=5.789%, skip ratio=0.000%, New worst BCER = 1.850 wrote checkpoint.
At iteration 9647/18800/18800, mean rms=0.656%, delta=0.977%, BCER train=1.817%, BWER train=5.651%, skip ratio=0.000%, New worst BCER = 1.817 wrote checkpoint.
At iteration 9690/18900/18900, mean rms=0.655%, delta=0.975%, BCER train=1.764%, BWER train=5.618%, skip ratio=0.000%, New worst BCER = 1.764 wrote checkpoint.
At iteration 9730/19000/19000, mean rms=0.640%, delta=0.919%, BCER train=1.716%, BWER train=5.503%, skip ratio=0.000%, New worst BCER = 1.716 wrote checkpoint.
At iteration 9769/19100/19100, mean rms=0.628%, delta=0.896%, BCER train=1.673%, BWER train=5.348%, skip ratio=0.000%, New worst BCER = 1.673 wrote checkpoint.
2 Percent improvement time=8438, best error was 3.645 @ 1372
At iteration 9810/19200/19200, mean rms=0.627%, delta=0.887%, BCER train=1.629%, BWER train=5.393%, skip ratio=0.000%, New best BCER = 1.629 wrote checkpoint.
2 Percent improvement time=8477, best error was 3.645 @ 1372
At iteration 9849/19300/19300, mean rms=0.620%, delta=0.869%, BCER train=1.581%, BWER train=5.309%, skip ratio=0.000%, New best BCER = 1.581 wrote best model:data/tam_v3/checkpoints/tam_v3_1.581_9849_19300.checkpoint wrote checkpoint.
2 Percent improvement time=8526, best error was 3.645 @ 1372
At iteration 9898/19400/19400, mean rms=0.621%, delta=0.875%, BCER train=1.550%, BWER train=5.281%, skip ratio=0.000%, New best BCER = 1.550 wrote checkpoint.
2 Percent improvement time=8564, best error was 3.645 @ 1372
At iteration 9936/19500/19500, mean rms=0.608%, delta=0.854%, BCER train=1.485%, BWER train=5.050%, skip ratio=0.000%, New best BCER = 1.485 wrote best model:data/tam_v3/checkpoints/tam_v3_1.485_9936_19500.checkpoint wrote checkpoint.
2 Percent improvement time=8538, best error was 3.477 @ 1437
At iteration 9975/19600/19600, mean rms=0.591%, delta=0.798%, BCER train=1.434%, BWER train=4.980%, skip ratio=0.000%, New best BCER = 1.434 wrote best model:data/tam_v3/checkpoints/tam_v3_1.434_9975_19600.checkpoint wrote checkpoint.
At iteration 10020/19700/19700, mean rms=0.588%, delta=0.790%, BCER train=1.465%, BWER train=5.084%, skip ratio=0.000%, New worst BCER = 1.465 wrote checkpoint.
At iteration 10066/19800/19800, mean rms=0.591%, delta=0.792%, BCER train=1.480%, BWER train=5.250%, skip ratio=0.000%, New worst BCER = 1.480 wrote checkpoint.
At iteration 10105/19900/19900, mean rms=0.586%, delta=0.763%, BCER train=1.478%, BWER train=5.196%, skip ratio=0.000%, New worst BCER = 1.478 wrote checkpoint.
At iteration 10152/20000/20000, mean rms=0.586%, delta=0.761%, BCER train=1.436%, BWER train=5.311%, skip ratio=0.000%, New worst BCER = 1.436 wrote checkpoint.
At iteration 10193/20100/20100, mean rms=0.589%, delta=0.757%, BCER train=1.481%, BWER train=5.358%, skip ratio=0.000%, New worst BCER = 1.481 wrote checkpoint.
At iteration 10232/20200/20200, mean rms=0.579%, delta=0.732%, BCER train=1.451%, BWER train=5.254%, skip ratio=0.000%, New worst BCER = 1.451 wrote checkpoint.
At iteration 10276/20300/20300, mean rms=0.583%, delta=0.743%, BCER train=1.454%, BWER train=5.232%, skip ratio=0.000%, New worst BCER = 1.454 wrote checkpoint.
At iteration 10311/20400/20400, mean rms=0.578%, delta=0.766%, BCER train=1.469%, BWER train=5.125%, skip ratio=0.000%, New worst BCER = 1.469 wrote checkpoint.
At iteration 10347/20500/20500, mean rms=0.578%, delta=0.773%, BCER train=1.467%, BWER train=5.140%, skip ratio=0.000%, New worst BCER = 1.467 wrote checkpoint.
2 Percent improvement time=8949, best error was 3.477 @ 1437
At iteration 10386/20600/20600, mean rms=0.576%, delta=0.787%, BCER train=1.424%, BWER train=5.071%, skip ratio=0.000%, New best BCER = 1.424 wrote checkpoint.
2 Percent improvement time=8981, best error was 3.477 @ 1437
At iteration 10418/20700/20700, mean rms=0.565%, delta=0.754%, BCER train=1.361%, BWER train=4.746%, skip ratio=0.000%, New best BCER = 1.361 wrote best model:data/tam_v3/checkpoints/tam_v3_1.361_10418_20700.checkpoint wrote checkpoint.
At iteration 10452/20800/20800, mean rms=0.564%, delta=0.752%, BCER train=1.370%, BWER train=4.570%, skip ratio=0.000%, New worst BCER = 1.370 wrote checkpoint.
At iteration 10490/20900/20900, mean rms=0.566%, delta=0.778%, BCER train=1.400%, BWER train=4.554%, skip ratio=0.000%, New worst BCER = 1.400 wrote checkpoint.
At iteration 10533/21000/21000, mean rms=0.575%, delta=0.795%, BCER train=1.442%, BWER train=4.467%, skip ratio=0.000%, New worst BCER = 1.442 wrote checkpoint.
At iteration 10575/21100/21100, mean rms=0.586%, delta=0.834%, BCER train=1.475%, BWER train=4.599%, skip ratio=0.000%, New worst BCER = 1.475 wrote checkpoint.
At iteration 10617/21200/21200, mean rms=0.590%, delta=0.845%, BCER train=1.466%, BWER train=4.773%, skip ratio=0.000%, New worst BCER = 1.466 wrote checkpoint.
At iteration 10656/21300/21300, mean rms=0.583%, delta=0.833%, BCER train=1.435%, BWER train=4.672%, skip ratio=0.000%, New worst BCER = 1.435 wrote checkpoint.
At iteration 10692/21400/21400, mean rms=0.581%, delta=0.808%, BCER train=1.364%, BWER train=4.723%, skip ratio=0.000%, New worst BCER = 1.364 wrote checkpoint.
2 Percent improvement time=9293, best error was 3.477 @ 1437
At iteration 10730/21500/21500, mean rms=0.581%, delta=0.804%, BCER train=1.346%, BWER train=4.668%, skip ratio=0.000%, New best BCER = 1.346 wrote checkpoint.
At iteration 10772/21600/21600, mean rms=0.586%, delta=0.815%, BCER train=1.381%, BWER train=4.684%, skip ratio=0.000%, New worst BCER = 1.381 wrote checkpoint.
At iteration 10810/21700/21700, mean rms=0.584%, delta=0.806%, BCER train=1.372%, BWER train=4.656%, skip ratio=0.000%, New worst BCER = 1.372 wrote checkpoint.
2 Percent improvement time=9402, best error was 3.477 @ 1437
At iteration 10839/21800/21800, mean rms=0.572%, delta=0.781%, BCER train=1.313%, BWER train=4.513%, skip ratio=0.000%, New best BCER = 1.313 wrote best model:data/tam_v3/checkpoints/tam_v3_1.313_10839_21800.checkpoint wrote checkpoint.
2 Percent improvement time=9438, best error was 3.477 @ 1437
At iteration 10875/21900/21900, mean rms=0.565%, delta=0.750%, BCER train=1.306%, BWER train=4.628%, skip ratio=0.000%, New best BCER = 1.306 wrote checkpoint.
2 Percent improvement time=9481, best error was 3.477 @ 1437
At iteration 10918/22000/22000, mean rms=0.564%, delta=0.774%, BCER train=1.304%, BWER train=4.543%, skip ratio=0.000%, New best BCER = 1.304 wrote checkpoint.
2 Percent improvement time=9463, best error was 3.27 @ 1495
At iteration 10958/22100/22100, mean rms=0.548%, delta=0.731%, BCER train=1.242%, BWER train=4.432%, skip ratio=0.000%, New best BCER = 1.242 wrote best model:data/tam_v3/checkpoints/tam_v3_1.242_10958_22100.checkpoint wrote checkpoint.
At iteration 10998/22200/22200, mean rms=0.542%, delta=0.727%, BCER train=1.248%, BWER train=4.416%, skip ratio=0.000%, New worst BCER = 1.248 wrote checkpoint.
At iteration 11035/22300/22300, mean rms=0.537%, delta=0.709%, BCER train=1.247%, BWER train=4.340%, skip ratio=0.000%, New worst BCER = 1.247 wrote checkpoint.
2 Percent improvement time=9574, best error was 3.27 @ 1495
At iteration 11069/22400/22400, mean rms=0.527%, delta=0.678%, BCER train=1.191%, BWER train=4.215%, skip ratio=0.000%, New best BCER = 1.191 wrote best model:data/tam_v3/checkpoints/tam_v3_1.191_11069_22400.checkpoint wrote checkpoint.
At iteration 11113/22500/22500, mean rms=0.530%, delta=0.679%, BCER train=1.248%, BWER train=4.365%, skip ratio=0.000%, New worst BCER = 1.248 wrote checkpoint.
At iteration 11149/22600/22600, mean rms=0.531%, delta=0.683%, BCER train=1.257%, BWER train=4.413%, skip ratio=0.000%, New worst BCER = 1.257 wrote checkpoint.
At iteration 11181/22700/22700, mean rms=0.525%, delta=0.675%, BCER train=1.243%, BWER train=4.347%, skip ratio=0.000%, New worst BCER = 1.243 wrote checkpoint.
At iteration 11225/22800/22800, mean rms=0.540%, delta=0.716%, BCER train=1.368%, BWER train=4.621%, skip ratio=0.000%, New worst BCER = 1.368 wrote checkpoint.
At iteration 11264/22900/22900, mean rms=0.545%, delta=0.731%, BCER train=1.333%, BWER train=4.589%, skip ratio=0.000%, New worst BCER = 1.333 wrote checkpoint.
At iteration 11311/23000/23000, mean rms=0.541%, delta=0.692%, BCER train=1.318%, BWER train=4.692%, skip ratio=0.000%, New worst BCER = 1.318 wrote checkpoint.
At iteration 11355/23100/23100, mean rms=0.554%, delta=0.737%, BCER train=1.406%, BWER train=4.863%, skip ratio=0.000%, New worst BCER = 1.406 wrote checkpoint.
At iteration 11387/23200/23200, mean rms=0.555%, delta=0.713%, BCER train=1.412%, BWER train=4.695%, skip ratio=0.000%, New worst BCER = 1.412 wrote checkpoint.
At iteration 11429/23300/23300, mean rms=0.563%, delta=0.739%, BCER train=1.440%, BWER train=4.858%, skip ratio=0.000%, New worst BCER = 1.440 wrote checkpoint.
At iteration 11467/23400/23400, mean rms=0.573%, delta=0.779%, BCER train=1.541%, BWER train=4.923%, skip ratio=0.000%, New worst BCER = 1.541 wrote checkpoint.
At iteration 11507/23500/23500, mean rms=0.569%, delta=0.784%, BCER train=1.522%, BWER train=4.900%, skip ratio=0.000%, New worst BCER = 1.522 wrote checkpoint.
At iteration 11541/23600/23600, mean rms=0.565%, delta=0.771%, BCER train=1.526%, BWER train=4.785%, skip ratio=0.000%, New worst BCER = 1.526 wrote checkpoint.
At iteration 11574/23700/23700, mean rms=0.567%, delta=0.783%, BCER train=1.548%, BWER train=4.868%, skip ratio=0.000%, New worst BCER = 1.548 wrote checkpoint.
At iteration 11610/23800/23800, mean rms=0.555%, delta=0.741%, BCER train=1.440%, BWER train=4.754%, skip ratio=0.000%, New worst BCER = 1.440 wrote checkpoint.
At iteration 11650/23900/23900, mean rms=0.553%, delta=0.744%, BCER train=1.516%, BWER train=4.790%, skip ratio=0.000%, New worst BCER = 1.516 wrote checkpoint.
At iteration 11690/24000/24000, mean rms=0.551%, delta=0.762%, BCER train=1.514%, BWER train=4.786%, skip ratio=0.000%, New worst BCER = 1.514 wrote checkpoint.
At iteration 11729/24100/24100, mean rms=0.536%, delta=0.723%, BCER train=1.405%, BWER train=4.559%, skip ratio=0.000%, New worst BCER = 1.405 wrote checkpoint.
At iteration 11767/24200/24200, mean rms=0.542%, delta=0.760%, BCER train=1.402%, BWER train=4.718%, skip ratio=0.000%, New worst BCER = 1.402 wrote checkpoint.
At iteration 11810/24300/24300, mean rms=0.549%, delta=0.774%, BCER train=1.403%, BWER train=4.704%, skip ratio=0.000%, New worst BCER = 1.403 wrote checkpoint.
At iteration 11850/24400/24400, mean rms=0.553%, delta=0.752%, BCER train=1.383%, BWER train=4.882%, skip ratio=0.000%, New worst BCER = 1.383 wrote checkpoint.
At iteration 11886/24500/24500, mean rms=0.543%, delta=0.706%, BCER train=1.358%, BWER train=4.782%, skip ratio=0.000%, New worst BCER = 1.358 wrote checkpoint.
At iteration 11924/24600/24600, mean rms=0.540%, delta=0.703%, BCER train=1.354%, BWER train=4.883%, skip ratio=0.000%, New worst BCER = 1.354 wrote checkpoint.
At iteration 11961/24700/24700, mean rms=0.546%, delta=0.704%, BCER train=1.365%, BWER train=4.863%, skip ratio=0.000%, New worst BCER = 1.365 wrote checkpoint.
At iteration 11998/24800/24800, mean rms=0.543%, delta=0.706%, BCER train=1.370%, BWER train=4.850%, skip ratio=0.000%, New worst BCER = 1.370 wrote checkpoint.
At iteration 12031/24900/24900, mean rms=0.537%, delta=0.680%, BCER train=1.262%, BWER train=4.679%, skip ratio=0.000%, New worst BCER = 1.262 wrote checkpoint.
2 Percent improvement time=10564, best error was 3.27 @ 1495
At iteration 12059/25000/25000, mean rms=0.517%, delta=0.620%, BCER train=1.176%, BWER train=4.394%, skip ratio=0.000%, New best BCER = 1.176 wrote checkpoint.
At iteration 12096/25100/25100, mean rms=0.518%, delta=0.629%, BCER train=1.197%, BWER train=4.401%, skip ratio=0.000%, New worst BCER = 1.197 wrote checkpoint.
At iteration 12136/25200/25200, mean rms=0.509%, delta=0.602%, BCER train=1.183%, BWER train=4.300%, skip ratio=0.000%, New worst BCER = 1.183 wrote checkpoint.
2 Percent improvement time=10683, best error was 3.27 @ 1495
At iteration 12178/25300/25300, mean rms=0.502%, delta=0.579%, BCER train=1.165%, BWER train=4.243%, skip ratio=0.000%, New best BCER = 1.165 wrote checkpoint.
2 Percent improvement time=10715, best error was 3.27 @ 1495
At iteration 12210/25400/25400, mean rms=0.489%, delta=0.567%, BCER train=1.136%, BWER train=3.967%, skip ratio=0.000%, New best BCER = 1.136 wrote best model:data/tam_v3/checkpoints/tam_v3_1.136_12210_25400.checkpoint wrote checkpoint.
At iteration 12244/25500/25500, mean rms=0.492%, delta=0.595%, BCER train=1.149%, BWER train=3.990%, skip ratio=0.000%, New worst BCER = 1.149 wrote checkpoint.
At iteration 12283/25600/25600, mean rms=0.503%, delta=0.622%, BCER train=1.166%, BWER train=4.035%, skip ratio=0.000%, New worst BCER = 1.166 wrote checkpoint.
At iteration 12315/25700/25700, mean rms=0.499%, delta=0.619%, BCER train=1.186%, BWER train=4.072%, skip ratio=0.000%, New worst BCER = 1.186 wrote checkpoint.
At iteration 12351/25800/25800, mean rms=0.503%, delta=0.628%, BCER train=1.182%, BWER train=3.982%, skip ratio=0.000%, New worst BCER = 1.182 wrote checkpoint.
At iteration 12390/25900/25900, mean rms=0.513%, delta=0.658%, BCER train=1.261%, BWER train=4.188%, skip ratio=0.000%, New worst BCER = 1.261 wrote checkpoint.
At iteration 12431/26000/26000, mean rms=0.533%, delta=0.721%, BCER train=1.396%, BWER train=4.506%, skip ratio=0.000%, New worst BCER = 1.396 wrote checkpoint.
At iteration 12471/26100/26100, mean rms=0.540%, delta=0.743%, BCER train=1.415%, BWER train=4.490%, skip ratio=0.000%, New worst BCER = 1.415 wrote checkpoint.
At iteration 12504/26200/26200, mean rms=0.539%, delta=0.744%, BCER train=1.381%, BWER train=4.417%, skip ratio=0.000%, New worst BCER = 1.381 wrote checkpoint.
At iteration 12538/26300/26300, mean rms=0.540%, delta=0.746%, BCER train=1.401%, BWER train=4.493%, skip ratio=0.000%, New worst BCER = 1.401 wrote checkpoint.
At iteration 12573/26400/26400, mean rms=0.542%, delta=0.763%, BCER train=1.397%, BWER train=4.606%, skip ratio=0.000%, New worst BCER = 1.397 wrote checkpoint.
At iteration 12605/26500/26500, mean rms=0.535%, delta=0.725%, BCER train=1.343%, BWER train=4.421%, skip ratio=0.000%, New worst BCER = 1.343 wrote checkpoint.
At iteration 12636/26600/26600, mean rms=0.516%, delta=0.686%, BCER train=1.272%, BWER train=4.235%, skip ratio=0.000%, New worst BCER = 1.272 wrote checkpoint.
At iteration 12670/26700/26700, mean rms=0.526%, delta=0.726%, BCER train=1.285%, BWER train=4.347%, skip ratio=0.000%, New worst BCER = 1.285 wrote checkpoint.
At iteration 12709/26800/26800, mean rms=0.527%, delta=0.741%, BCER train=1.320%, BWER train=4.389%, skip ratio=0.000%, New worst BCER = 1.320 wrote checkpoint.
At iteration 12754/26900/26900, mean rms=0.531%, delta=0.767%, BCER train=1.314%, BWER train=4.385%, skip ratio=0.000%, New worst BCER = 1.314 wrote checkpoint.
At iteration 12794/27000/27000, mean rms=0.530%, delta=0.745%, BCER train=1.257%, BWER train=4.382%, skip ratio=0.000%, New worst BCER = 1.257 wrote checkpoint.
At iteration 12826/27100/27100, mean rms=0.521%, delta=0.720%, BCER train=1.238%, BWER train=4.310%, skip ratio=0.000%, New worst BCER = 1.238 wrote checkpoint.
At iteration 12864/27200/27200, mean rms=0.527%, delta=0.731%, BCER train=1.268%, BWER train=4.390%, skip ratio=0.000%, New worst BCER = 1.268 wrote checkpoint.
At iteration 12902/27300/27300, mean rms=0.530%, delta=0.748%, BCER train=1.290%, BWER train=4.314%, skip ratio=0.000%, New worst BCER = 1.290 wrote checkpoint.
At iteration 12949/27400/27400, mean rms=0.546%, delta=0.786%, BCER train=1.393%, BWER train=4.534%, skip ratio=0.000%, New worst BCER = 1.393 wrote checkpoint.
At iteration 12992/27500/27500, mean rms=0.567%, delta=0.852%, BCER train=1.483%, BWER train=4.768%, skip ratio=0.000%, New worst BCER = 1.483 wrote checkpoint.
At iteration 13031/27600/27600, mean rms=0.582%, delta=0.895%, BCER train=1.604%, BWER train=4.966%, skip ratio=0.000%, New worst BCER = 1.604 wrote checkpoint.
At iteration 13070/27700/27700, mean rms=0.576%, delta=0.863%, BCER train=1.556%, BWER train=4.843%, skip ratio=0.000%, New worst BCER = 1.556 wrote checkpoint.
At iteration 13109/27800/27800, mean rms=0.578%, delta=0.868%, BCER train=1.570%, BWER train=4.790%, skip ratio=0.000%, New worst BCER = 1.570 wrote checkpoint.
At iteration 13142/27900/27900, mean rms=0.566%, delta=0.831%, BCER train=1.534%, BWER train=4.607%, skip ratio=0.000%, New worst BCER = 1.534 wrote checkpoint.
At iteration 13188/28000/28000, mean rms=0.570%, delta=0.851%, BCER train=1.536%, BWER train=4.589%, skip ratio=0.000%, New worst BCER = 1.536 wrote checkpoint.
Warning: LSTMTrainer deserialized an LSTMRecognizer!
At iteration 13230/28100/28100, mean rms=0.577%, delta=0.854%, BCER train=1.569%, BWER train=4.766%, skip ratio=0.000%, New worst BCER = 1.569At iteration 5054, stage 1, BCER eval=1.897, BWER eval=6.824 wrote checkpoint.
At iteration 13262/28200/28200, mean rms=0.569%, delta=0.857%, BCER train=1.534%, BWER train=4.637%, skip ratio=0.000%, wrote checkpoint.
At iteration 13292/28300/28300, mean rms=0.556%, delta=0.815%, BCER train=1.490%, BWER train=4.476%, skip ratio=0.000%, wrote checkpoint.
At iteration 13331/28400/28400, mean rms=0.555%, delta=0.808%, BCER train=1.415%, BWER train=4.320%, skip ratio=0.000%, wrote checkpoint.
At iteration 13373/28500/28500, mean rms=0.544%, delta=0.762%, BCER train=1.354%, BWER train=4.295%, skip ratio=0.000%, wrote checkpoint.
At iteration 13406/28600/28600, mean rms=0.540%, delta=0.748%, BCER train=1.321%, BWER train=4.203%, skip ratio=0.000%, wrote checkpoint.
At iteration 13434/28700/28700, mean rms=0.534%, delta=0.730%, BCER train=1.306%, BWER train=4.198%, skip ratio=0.000%, wrote checkpoint.
At iteration 13473/28800/28800, mean rms=0.530%, delta=0.709%, BCER train=1.271%, BWER train=4.311%, skip ratio=0.000%, wrote checkpoint.
At iteration 13508/28900/28900, mean rms=0.531%, delta=0.711%, BCER train=1.269%, BWER train=4.364%, skip ratio=0.000%, wrote checkpoint.
At iteration 13545/29000/29000, mean rms=0.527%, delta=0.687%, BCER train=1.297%, BWER train=4.380%, skip ratio=0.000%, wrote checkpoint.
At iteration 13584/29100/29100, mean rms=0.529%, delta=0.719%, BCER train=1.360%, BWER train=4.455%, skip ratio=0.000%, wrote checkpoint.
At iteration 13621/29200/29200, mean rms=0.532%, delta=0.695%, BCER train=1.393%, BWER train=4.555%, skip ratio=0.000%, wrote checkpoint.
At iteration 13654/29300/29300, mean rms=0.533%, delta=0.709%, BCER train=1.379%, BWER train=4.608%, skip ratio=0.000%, wrote checkpoint.
At iteration 13689/29400/29400, mean rms=0.519%, delta=0.669%, BCER train=1.331%, BWER train=4.528%, skip ratio=0.000%, wrote checkpoint.
At iteration 13714/29500/29500, mean rms=0.511%, delta=0.667%, BCER train=1.303%, BWER train=4.359%, skip ratio=0.000%, wrote checkpoint.
At iteration 13754/29600/29600, mean rms=0.516%, delta=0.668%, BCER train=1.316%, BWER train=4.360%, skip ratio=0.000%, wrote checkpoint.
At iteration 13790/29700/29700, mean rms=0.526%, delta=0.704%, BCER train=1.358%, BWER train=4.369%, skip ratio=0.000%, wrote checkpoint.
At iteration 13822/29800/29800, mean rms=0.522%, delta=0.692%, BCER train=1.350%, BWER train=4.338%, skip ratio=0.000%, wrote checkpoint.
At iteration 13861/29900/29900, mean rms=0.523%, delta=0.686%, BCER train=1.385%, BWER train=4.396%, skip ratio=0.000%, wrote checkpoint.
At iteration 13897/30000/30000, mean rms=0.517%, delta=0.692%, BCER train=1.312%, BWER train=4.184%, skip ratio=0.000%, wrote checkpoint.
At iteration 13923/30100/30100, mean rms=0.499%, delta=0.634%, BCER train=1.163%, BWER train=3.893%, skip ratio=0.000%, wrote checkpoint.
2 Percent improvement time=12469, best error was 3.27 @ 1495
At iteration 13964/30200/30200, mean rms=0.498%, delta=0.633%, BCER train=1.127%, BWER train=3.844%, skip ratio=0.000%, New best BCER = 1.127Previous test incomplete, skipping test at iteration 13230 wrote checkpoint.
At iteration 14001/30300/30300, mean rms=0.507%, delta=0.656%, BCER train=1.146%, BWER train=4.035%, skip ratio=0.000%, New worst BCER = 1.146 wrote checkpoint.
At iteration 14034/30400/30400, mean rms=0.504%, delta=0.648%, BCER train=1.149%, BWER train=3.995%, skip ratio=0.000%, New worst BCER = 1.149 wrote checkpoint.
At iteration 14067/30500/30500, mean rms=0.517%, delta=0.689%, BCER train=1.216%, BWER train=4.130%, skip ratio=0.000%, New worst BCER = 1.216 wrote checkpoint.
At iteration 14098/30600/30600, mean rms=0.514%, delta=0.710%, BCER train=1.186%, BWER train=4.087%, skip ratio=0.000%, New worst BCER = 1.186 wrote checkpoint.
At iteration 14134/30700/30700, mean rms=0.512%, delta=0.699%, BCER train=1.200%, BWER train=4.151%, skip ratio=0.000%, New worst BCER = 1.200 wrote checkpoint.
At iteration 14169/30800/30800, mean rms=0.515%, delta=0.719%, BCER train=1.176%, BWER train=4.116%, skip ratio=0.000%, New worst BCER = 1.176 wrote checkpoint.
2 Percent improvement time=12707, best error was 3.27 @ 1495
At iteration 14202/30900/30900, mean rms=0.512%, delta=0.729%, BCER train=1.121%, BWER train=4.037%, skip ratio=0.000%, New best BCER = 1.121 wrote checkpoint.
At iteration 14241/31000/31000, mean rms=0.516%, delta=0.724%, BCER train=1.144%, BWER train=4.102%, skip ratio=0.000%, New worst BCER = 1.144 wrote checkpoint.
At iteration 14287/31100/31100, mean rms=0.531%, delta=0.746%, BCER train=1.241%, BWER train=4.262%, skip ratio=0.000%, New worst BCER = 1.241 wrote checkpoint.
At iteration 14315/31200/31200, mean rms=0.526%, delta=0.739%, BCER train=1.239%, BWER train=4.143%, skip ratio=0.000%, New worst BCER = 1.239 wrote checkpoint.
At iteration 14354/31300/31300, mean rms=0.528%, delta=0.759%, BCER train=1.269%, BWER train=4.080%, skip ratio=0.000%, New worst BCER = 1.269 wrote checkpoint.
At iteration 14394/31400/31400, mean rms=0.533%, delta=0.763%, BCER train=1.278%, BWER train=4.115%, skip ratio=0.000%, New worst BCER = 1.278 wrote checkpoint.
At iteration 14428/31500/31500, mean rms=0.526%, delta=0.732%, BCER train=1.214%, BWER train=4.081%, skip ratio=0.000%, New worst BCER = 1.214 wrote checkpoint.
At iteration 14464/31600/31600, mean rms=0.526%, delta=0.705%, BCER train=1.226%, BWER train=4.190%, skip ratio=0.000%, New worst BCER = 1.226 wrote checkpoint.
At iteration 14490/31700/31700, mean rms=0.514%, delta=0.679%, BCER train=1.171%, BWER train=4.082%, skip ratio=0.000%, New worst BCER = 1.171 wrote checkpoint.
At iteration 14527/31800/31800, mean rms=0.513%, delta=0.674%, BCER train=1.186%, BWER train=4.037%, skip ratio=0.000%, New worst BCER = 1.186 wrote checkpoint.
At iteration 14557/31900/31900, mean rms=0.509%, delta=0.655%, BCER train=1.166%, BWER train=3.922%, skip ratio=0.000%, New worst BCER = 1.166 wrote checkpoint.
At iteration 14585/32000/32000, mean rms=0.499%, delta=0.645%, BCER train=1.134%, BWER train=3.802%, skip ratio=0.000%, New worst BCER = 1.134 wrote checkpoint.
At iteration 14628/32100/32100, mean rms=0.504%, delta=0.664%, BCER train=1.127%, BWER train=3.943%, skip ratio=0.000%, New worst BCER = 1.127 wrote checkpoint.
At iteration 14658/32200/32200, mean rms=0.506%, delta=0.681%, BCER train=1.148%, BWER train=4.094%, skip ratio=0.000%, New worst BCER = 1.148 wrote checkpoint.
2 Percent improvement time=13147, best error was 3.109 @ 1541
At iteration 14688/32300/32300, mean rms=0.498%, delta=0.645%, BCER train=1.087%, BWER train=3.943%, skip ratio=0.000%, New best BCER = 1.087 wrote best model:data/tam_v3/checkpoints/tam_v3_1.087_14688_32300.checkpoint wrote checkpoint.
2 Percent improvement time=13182, best error was 3.109 @ 1541
At iteration 14723/32400/32400, mean rms=0.494%, delta=0.653%, BCER train=1.086%, BWER train=3.991%, skip ratio=0.000%, New best BCER = 1.086 wrote checkpoint.
2 Percent improvement time=13209, best error was 3.109 @ 1541
At iteration 14750/32500/32500, mean rms=0.481%, delta=0.620%, BCER train=1.059%, BWER train=3.807%, skip ratio=0.000%, New best BCER = 1.059 wrote checkpoint.
2 Percent improvement time=13243, best error was 3.109 @ 1541
At iteration 14784/32600/32600, mean rms=0.481%, delta=0.627%, BCER train=1.049%, BWER train=3.747%, skip ratio=0.000%, New best BCER = 1.049 wrote best model:data/tam_v3/checkpoints/tam_v3_1.049_14784_32600.checkpoint wrote checkpoint.
At iteration 14821/32700/32700, mean rms=0.492%, delta=0.660%, BCER train=1.074%, BWER train=3.802%, skip ratio=0.000%, New worst BCER = 1.074 wrote checkpoint.
At iteration 14852/32800/32800, mean rms=0.489%, delta=0.637%, BCER train=1.064%, BWER train=3.793%, skip ratio=0.000%, New worst BCER = 1.064 wrote checkpoint.
At iteration 14891/32900/32900, mean rms=0.496%, delta=0.657%, BCER train=1.226%, BWER train=4.064%, skip ratio=0.000%, New worst BCER = 1.226 wrote checkpoint.
At iteration 14932/33000/33000, mean rms=0.502%, delta=0.675%, BCER train=1.250%, BWER train=4.165%, skip ratio=0.000%, New worst BCER = 1.250 wrote checkpoint.
At iteration 14962/33100/33100, mean rms=0.495%, delta=0.676%, BCER train=1.260%, BWER train=3.966%, skip ratio=0.000%, New worst BCER = 1.260 wrote checkpoint.
At iteration 15000/33200/33200, mean rms=0.503%, delta=0.693%, BCER train=1.259%, BWER train=3.957%, skip ratio=0.000%, New worst BCER = 1.259 wrote checkpoint.
At iteration 15033/33300/33300, mean rms=0.505%, delta=0.699%, BCER train=1.290%, BWER train=4.107%, skip ratio=0.000%, New worst BCER = 1.290 wrote checkpoint.
At iteration 15070/33400/33400, mean rms=0.510%, delta=0.710%, BCER train=1.303%, BWER train=4.078%, skip ratio=0.000%, New worst BCER = 1.303 wrote checkpoint.
At iteration 15105/33500/33500, mean rms=0.521%, delta=0.735%, BCER train=1.347%, BWER train=4.234%, skip ratio=0.000%, New worst BCER = 1.347 wrote checkpoint.
At iteration 15139/33600/33600, mean rms=0.510%, delta=0.693%, BCER train=1.308%, BWER train=4.141%, skip ratio=0.000%, New worst BCER = 1.308 wrote checkpoint.
At iteration 15175/33700/33700, mean rms=0.517%, delta=0.715%, BCER train=1.300%, BWER train=4.135%, skip ratio=0.000%, New worst BCER = 1.300 wrote checkpoint.
At iteration 15201/33800/33800, mean rms=0.511%, delta=0.706%, BCER train=1.270%, BWER train=4.067%, skip ratio=0.000%, New worst BCER = 1.270 wrote checkpoint.
At iteration 15229/33900/33900, mean rms=0.503%, delta=0.676%, BCER train=1.147%, BWER train=3.845%, skip ratio=0.000%, New worst BCER = 1.147 wrote checkpoint.
At iteration 15263/34000/34000, mean rms=0.507%, delta=0.698%, BCER train=1.194%, BWER train=3.819%, skip ratio=0.000%, New worst BCER = 1.194 wrote checkpoint.
At iteration 15301/34100/34100, mean rms=0.509%, delta=0.695%, BCER train=1.136%, BWER train=3.833%, skip ratio=0.000%, New worst BCER = 1.136 wrote checkpoint.
At iteration 15339/34200/34200, mean rms=0.507%, delta=0.692%, BCER train=1.133%, BWER train=3.869%, skip ratio=0.000%, New worst BCER = 1.133 wrote checkpoint.
At iteration 15374/34300/34300, mean rms=0.501%, delta=0.663%, BCER train=1.102%, BWER train=3.821%, skip ratio=0.000%, New worst BCER = 1.102 wrote checkpoint.
At iteration 15407/34400/34400, mean rms=0.494%, delta=0.643%, BCER train=1.077%, BWER train=3.788%, skip ratio=0.000%, New worst BCER = 1.077 wrote checkpoint.
At iteration 15439/34500/34500, mean rms=0.493%, delta=0.646%, BCER train=1.051%, BWER train=3.791%, skip ratio=0.000%, New worst BCER = 1.051 wrote checkpoint.
2 Percent improvement time=13931, best error was 3.109 @ 1541
At iteration 15472/34600/34600, mean rms=0.490%, delta=0.642%, BCER train=1.027%, BWER train=3.781%, skip ratio=0.000%, New best BCER = 1.027 wrote checkpoint.
2 Percent improvement time=13965, best error was 3.109 @ 1541
At iteration 15506/34700/34700, mean rms=0.477%, delta=0.595%, BCER train=1.009%, BWER train=3.765%, skip ratio=0.000%, New best BCER = 1.009 wrote best model:data/tam_v3/checkpoints/tam_v3_1.009_15506_34700.checkpoint wrote checkpoint.
At iteration 15534/34800/34800, mean rms=0.477%, delta=0.589%, BCER train=1.034%, BWER train=3.787%, skip ratio=0.000%, New worst BCER = 1.034 wrote checkpoint.
2 Percent improvement time=14015, best error was 3.109 @ 1541
At iteration 15556/34900/34900, mean rms=0.476%, delta=0.596%, BCER train=1.003%, BWER train=3.693%, skip ratio=0.000%, New best BCER = 1.003 wrote checkpoint.
2 Percent improvement time=13739, best error was 2.986 @ 1857
At iteration 15596/35000/35000, mean rms=0.471%, delta=0.558%, BCER train=0.946%, BWER train=3.720%, skip ratio=0.000%, New best BCER = 0.946 wrote best model:data/tam_v3/checkpoints/tam_v3_0.946_15596_35000.checkpoint wrote checkpoint.
At iteration 15628/35100/35100, mean rms=0.463%, delta=0.529%, BCER train=0.962%, BWER train=3.670%, skip ratio=0.000%, New worst BCER = 0.962 wrote checkpoint.
At iteration 15656/35200/35200, mean rms=0.457%, delta=0.514%, BCER train=0.948%, BWER train=3.605%, skip ratio=0.000%, New worst BCER = 0.948 wrote checkpoint.
At iteration 15698/35300/35300, mean rms=0.481%, delta=0.599%, BCER train=1.043%, BWER train=3.675%, skip ratio=0.000%, New worst BCER = 1.043 wrote checkpoint.
At iteration 15727/35400/35400, mean rms=0.488%, delta=0.622%, BCER train=1.047%, BWER train=3.568%, skip ratio=0.000%, New worst BCER = 1.047 wrote checkpoint.
At iteration 15761/35500/35500, mean rms=0.488%, delta=0.618%, BCER train=1.030%, BWER train=3.527%, skip ratio=0.000%, New worst BCER = 1.030 wrote checkpoint.
At iteration 15795/35600/35600, mean rms=0.496%, delta=0.645%, BCER train=1.056%, BWER train=3.527%, skip ratio=0.000%, New worst BCER = 1.056 wrote checkpoint.
At iteration 15824/35700/35700, mean rms=0.495%, delta=0.655%, BCER train=1.089%, BWER train=3.532%, skip ratio=0.000%, New worst BCER = 1.089 wrote checkpoint.
At iteration 15857/35800/35800, mean rms=0.505%, delta=0.700%, BCER train=1.143%, BWER train=3.713%, skip ratio=0.000%, New worst BCER = 1.143 wrote checkpoint.
At iteration 15888/35900/35900, mean rms=0.510%, delta=0.709%, BCER train=1.170%, BWER train=3.814%, skip ratio=0.000%, New worst BCER = 1.170 wrote checkpoint.
At iteration 15925/36000/36000, mean rms=0.518%, delta=0.747%, BCER train=1.288%, BWER train=4.098%, skip ratio=0.000%, New worst BCER = 1.288 wrote checkpoint.
At iteration 15957/36100/36100, mean rms=0.519%, delta=0.762%, BCER train=1.283%, BWER train=4.100%, skip ratio=0.000%, New worst BCER = 1.283 wrote checkpoint.
At iteration 15993/36200/36200, mean rms=0.527%, delta=0.779%, BCER train=1.358%, BWER train=4.121%, skip ratio=0.000%, New worst BCER = 1.358 wrote checkpoint.
At iteration 16025/36300/36300, mean rms=0.505%, delta=0.710%, BCER train=1.349%, BWER train=4.143%, skip ratio=0.000%, New worst BCER = 1.349 wrote checkpoint.
At iteration 16059/36400/36400, mean rms=0.501%, delta=0.689%, BCER train=1.333%, BWER train=4.194%, skip ratio=0.000%, New worst BCER = 1.333 wrote checkpoint.
At iteration 16088/36500/36500, mean rms=0.498%, delta=0.694%, BCER train=1.379%, BWER train=4.153%, skip ratio=0.000%, New worst BCER = 1.379 wrote checkpoint.
At iteration 16116/36600/36600, mean rms=0.494%, delta=0.681%, BCER train=1.380%, BWER train=4.150%, skip ratio=0.000%, New worst BCER = 1.380 wrote checkpoint.
At iteration 16152/36700/36700, mean rms=0.497%, delta=0.686%, BCER train=1.353%, BWER train=4.161%, skip ratio=0.000%, New worst BCER = 1.353 wrote checkpoint.
At iteration 16189/36800/36800, mean rms=0.495%, delta=0.660%, BCER train=1.307%, BWER train=4.097%, skip ratio=0.000%, New worst BCER = 1.307 wrote checkpoint.
At iteration 16221/36900/36900, mean rms=0.504%, delta=0.698%, BCER train=1.345%, BWER train=4.080%, skip ratio=0.000%, New worst BCER = 1.345 wrote checkpoint.
At iteration 16258/37000/37000, mean rms=0.503%, delta=0.688%, BCER train=1.292%, BWER train=3.844%, skip ratio=0.000%, New worst BCER = 1.292 wrote checkpoint.
At iteration 16288/37100/37100, mean rms=0.505%, delta=0.698%, BCER train=1.293%, BWER train=3.821%, skip ratio=0.000%, New worst BCER = 1.293 wrote checkpoint.
At iteration 16325/37200/37200, mean rms=0.500%, delta=0.690%, BCER train=1.261%, BWER train=3.801%, skip ratio=0.000%, New worst BCER = 1.261 wrote checkpoint.
At iteration 16359/37300/37300, mean rms=0.501%, delta=0.694%, BCER train=1.220%, BWER train=3.671%, skip ratio=0.000%, New worst BCER = 1.220 wrote checkpoint.
At iteration 16391/37400/37400, mean rms=0.508%, delta=0.735%, BCER train=1.271%, BWER train=3.654%, skip ratio=0.000%, New worst BCER = 1.271 wrote checkpoint.
At iteration 16435/37500/37500, mean rms=0.517%, delta=0.738%, BCER train=1.317%, BWER train=3.760%, skip ratio=0.000%, New worst BCER = 1.317 wrote checkpoint.
At iteration 16470/37600/37600, mean rms=0.528%, delta=0.783%, BCER train=1.395%, BWER train=3.837%, skip ratio=0.000%, New worst BCER = 1.395 wrote checkpoint.
At iteration 16500/37700/37700, mean rms=0.523%, delta=0.771%, BCER train=1.348%, BWER train=3.644%, skip ratio=0.000%, New worst BCER = 1.348 wrote checkpoint.
At iteration 16534/37800/37800, mean rms=0.521%, delta=0.775%, BCER train=1.403%, BWER train=3.571%, skip ratio=0.000%, New worst BCER = 1.403 wrote checkpoint.
At iteration 16568/37900/37900, mean rms=0.513%, delta=0.741%, BCER train=1.347%, BWER train=3.656%, skip ratio=0.000%, New worst BCER = 1.347 wrote checkpoint.
At iteration 16609/38000/38000, mean rms=0.512%, delta=0.731%, BCER train=1.367%, BWER train=3.863%, skip ratio=0.000%, New worst BCER = 1.367Previous test incomplete, skipping test at iteration 15596 wrote checkpoint.
At iteration 16640/38100/38100, mean rms=0.516%, delta=0.735%, BCER train=1.363%, BWER train=3.903%, skip ratio=0.000%, wrote checkpoint.
At iteration 16669/38200/38200, mean rms=0.516%, delta=0.751%, BCER train=1.357%, BWER train=3.808%, skip ratio=0.000%, wrote checkpoint.
At iteration 16714/38300/38300, mean rms=0.536%, delta=0.801%, BCER train=1.414%, BWER train=4.078%, skip ratio=0.000%, New worst BCER = 1.414Previous test incomplete, skipping test at iteration 16609 wrote checkpoint.
At iteration 16755/38400/38400, mean rms=0.543%, delta=0.799%, BCER train=1.416%, BWER train=4.239%, skip ratio=0.000%, New worst BCER = 1.416Previous test incomplete, skipping test at iteration 16714 wrote checkpoint.
At iteration 16795/38500/38500, mean rms=0.542%, delta=0.804%, BCER train=1.363%, BWER train=4.192%, skip ratio=0.000%, wrote checkpoint.
At iteration 16832/38600/38600, mean rms=0.536%, delta=0.777%, BCER train=1.299%, BWER train=4.209%, skip ratio=0.000%, wrote checkpoint.
At iteration 16867/38700/38700, mean rms=0.536%, delta=0.773%, BCER train=1.332%, BWER train=4.343%, skip ratio=0.000%, wrote checkpoint.
At iteration 16905/38800/38800, mean rms=0.542%, delta=0.794%, BCER train=1.398%, BWER train=4.476%, skip ratio=0.000%, wrote checkpoint.
At iteration 16935/38900/38900, mean rms=0.540%, delta=0.770%, BCER train=1.388%, BWER train=4.437%, skip ratio=0.000%, wrote checkpoint.
At iteration 16961/39000/39000, mean rms=0.527%, delta=0.733%, BCER train=1.311%, BWER train=4.079%, skip ratio=0.000%, wrote checkpoint.
At iteration 16998/39100/39100, mean rms=0.524%, delta=0.721%, BCER train=1.342%, BWER train=4.195%, skip ratio=0.000%, wrote checkpoint.
At iteration 17028/39200/39200, mean rms=0.524%, delta=0.709%, BCER train=1.332%, BWER train=4.319%, skip ratio=0.000%, wrote checkpoint.
At iteration 17058/39300/39300, mean rms=0.505%, delta=0.663%, BCER train=1.236%, BWER train=4.019%, skip ratio=0.000%, wrote checkpoint.
At iteration 17097/39400/39400, mean rms=0.498%, delta=0.647%, BCER train=1.222%, BWER train=4.001%, skip ratio=0.000%, wrote checkpoint.
At iteration 17129/39500/39500, mean rms=0.497%, delta=0.649%, BCER train=1.263%, BWER train=4.066%, skip ratio=0.000%, wrote checkpoint.
At iteration 17170/39600/39600, mean rms=0.503%, delta=0.656%, BCER train=1.324%, BWER train=4.185%, skip ratio=0.000%, wrote checkpoint.
At iteration 17202/39700/39700, mean rms=0.505%, delta=0.662%, BCER train=1.317%, BWER train=4.217%, skip ratio=0.000%, wrote checkpoint.
At iteration 17231/39800/39800, mean rms=0.502%, delta=0.666%, BCER train=1.234%, BWER train=4.076%, skip ratio=0.000%, wrote checkpoint.
At iteration 17259/39900/39900, mean rms=0.501%, delta=0.680%, BCER train=1.264%, BWER train=4.001%, skip ratio=0.000%, wrote checkpoint.
At iteration 17295/40000/40000, mean rms=0.509%, delta=0.708%, BCER train=1.265%, BWER train=4.072%, skip ratio=0.000%, wrote checkpoint.
At iteration 17320/40100/40100, mean rms=0.501%, delta=0.700%, BCER train=1.195%, BWER train=3.797%, skip ratio=0.000%, wrote checkpoint.
At iteration 17353/40200/40200, mean rms=0.498%, delta=0.680%, BCER train=1.206%, BWER train=3.654%, skip ratio=0.000%, wrote checkpoint.
At iteration 17379/40300/40300, mean rms=0.491%, delta=0.656%, BCER train=1.210%, BWER train=3.565%, skip ratio=0.000%, wrote checkpoint.
At iteration 17416/40400/40400, mean rms=0.493%, delta=0.676%, BCER train=1.241%, BWER train=3.492%, skip ratio=0.000%, wrote checkpoint.
At iteration 17462/40500/40500, mean rms=0.504%, delta=0.700%, BCER train=1.261%, BWER train=3.738%, skip ratio=0.000%, wrote checkpoint.
At iteration 17489/40600/40600, mean rms=0.491%, delta=0.679%, BCER train=1.227%, BWER train=3.654%, skip ratio=0.000%, wrote checkpoint.
At iteration 17517/40700/40700, mean rms=0.490%, delta=0.689%, BCER train=1.243%, BWER train=3.548%, skip ratio=0.000%, wrote checkpoint.
At iteration 17552/40800/40800, mean rms=0.482%, delta=0.659%, BCER train=1.208%, BWER train=3.565%, skip ratio=0.000%, wrote checkpoint.
At iteration 17579/40900/40900, mean rms=0.475%, delta=0.637%, BCER train=1.159%, BWER train=3.569%, skip ratio=0.000%, wrote checkpoint.
At iteration 17609/41000/41000, mean rms=0.470%, delta=0.640%, BCER train=1.179%, BWER train=3.616%, skip ratio=0.000%, wrote checkpoint.
At iteration 17644/41100/41100, mean rms=0.476%, delta=0.632%, BCER train=1.192%, BWER train=3.778%, skip ratio=0.000%, wrote checkpoint.
At iteration 17673/41200/41200, mean rms=0.474%, delta=0.634%, BCER train=1.177%, BWER train=3.798%, skip ratio=0.000%, wrote checkpoint.
At iteration 17707/41300/41300, mean rms=0.478%, delta=0.645%, BCER train=1.179%, BWER train=3.924%, skip ratio=0.000%, wrote checkpoint.
At iteration 17734/41400/41400, mean rms=0.458%, delta=0.577%, BCER train=1.096%, BWER train=3.891%, skip ratio=0.000%, wrote checkpoint.
At iteration 17778/41500/41500, mean rms=0.446%, delta=0.536%, BCER train=1.029%, BWER train=3.646%, skip ratio=0.000%, wrote checkpoint.
At iteration 17811/41600/41600, mean rms=0.454%, delta=0.566%, BCER train=1.040%, BWER train=3.611%, skip ratio=0.000%, wrote checkpoint.
At iteration 17838/41700/41700, mean rms=0.454%, delta=0.553%, BCER train=1.036%, BWER train=3.738%, skip ratio=0.000%, wrote checkpoint.
At iteration 17869/41800/41800, mean rms=0.465%, delta=0.600%, BCER train=1.172%, BWER train=3.989%, skip ratio=0.000%, wrote checkpoint.
At iteration 17900/41900/41900, mean rms=0.470%, delta=0.611%, BCER train=1.196%, BWER train=4.037%, skip ratio=0.000%, wrote checkpoint.
At iteration 17926/42000/42000, mean rms=0.462%, delta=0.575%, BCER train=1.185%, BWER train=4.011%, skip ratio=0.000%, wrote checkpoint.
At iteration 17949/42100/42100, mean rms=0.447%, delta=0.540%, BCER train=1.150%, BWER train=3.843%, skip ratio=0.000%, wrote checkpoint.
At iteration 17981/42200/42200, mean rms=0.447%, delta=0.536%, BCER train=1.115%, BWER train=3.894%, skip ratio=0.000%, wrote checkpoint.
At iteration 18012/42300/42300, mean rms=0.443%, delta=0.522%, BCER train=1.143%, BWER train=3.903%, skip ratio=0.000%, wrote checkpoint.
At iteration 18042/42400/42400, mean rms=0.455%, delta=0.572%, BCER train=1.166%, BWER train=3.905%, skip ratio=0.000%, wrote checkpoint.
At iteration 18073/42500/42500, mean rms=0.448%, delta=0.557%, BCER train=1.184%, BWER train=3.910%, skip ratio=0.000%, wrote checkpoint.
At iteration 18108/42600/42600, mean rms=0.446%, delta=0.547%, BCER train=1.167%, BWER train=3.986%, skip ratio=0.000%, wrote checkpoint.
At iteration 18131/42700/42700, mean rms=0.442%, delta=0.551%, BCER train=1.149%, BWER train=3.801%, skip ratio=0.000%, wrote checkpoint.
At iteration 18170/42800/42800, mean rms=0.441%, delta=0.526%, BCER train=1.016%, BWER train=3.613%, skip ratio=0.000%, wrote checkpoint.
At iteration 18207/42900/42900, mean rms=0.457%, delta=0.584%, BCER train=1.089%, BWER train=3.658%, skip ratio=0.000%, wrote checkpoint.
At iteration 18238/43000/43000, mean rms=0.471%, delta=0.609%, BCER train=1.065%, BWER train=3.618%, skip ratio=0.000%, wrote checkpoint.
At iteration 18269/43100/43100, mean rms=0.477%, delta=0.614%, BCER train=1.096%, BWER train=3.699%, skip ratio=0.000%, wrote checkpoint.
At iteration 18308/43200/43200, mean rms=0.491%, delta=0.658%, BCER train=1.143%, BWER train=3.831%, skip ratio=0.000%, wrote checkpoint.
At iteration 18344/43300/43300, mean rms=0.499%, delta=0.677%, BCER train=1.162%, BWER train=3.765%, skip ratio=0.000%, wrote checkpoint.
At iteration 18379/43400/43400, mean rms=0.503%, delta=0.675%, BCER train=1.169%, BWER train=3.843%, skip ratio=0.000%, wrote checkpoint.
At iteration 18412/43500/43500, mean rms=0.511%, delta=0.725%, BCER train=1.156%, BWER train=3.805%, skip ratio=0.000%, wrote checkpoint.
At iteration 18441/43600/43600, mean rms=0.502%, delta=0.694%, BCER train=1.094%, BWER train=3.595%, skip ratio=0.000%, wrote checkpoint.
At iteration 18479/43700/43700, mean rms=0.516%, delta=0.724%, BCER train=1.125%, BWER train=3.898%, skip ratio=0.000%, wrote checkpoint.
At iteration 18512/43800/43800, mean rms=0.510%, delta=0.707%, BCER train=1.120%, BWER train=3.859%, skip ratio=0.000%, wrote checkpoint.
At iteration 18539/43900/43900, mean rms=0.496%, delta=0.657%, BCER train=1.051%, BWER train=3.894%, skip ratio=0.000%, wrote checkpoint.
At iteration 18568/44000/44000, mean rms=0.491%, delta=0.654%, BCER train=1.071%, BWER train=3.884%, skip ratio=0.000%, wrote checkpoint.
At iteration 18600/44100/44100, mean rms=0.495%, delta=0.667%, BCER train=1.082%, BWER train=4.026%, skip ratio=0.000%, wrote checkpoint.
At iteration 18628/44200/44200, mean rms=0.483%, delta=0.634%, BCER train=1.048%, BWER train=3.821%, skip ratio=0.000%, wrote checkpoint.
At iteration 18648/44300/44300, mean rms=0.466%, delta=0.594%, BCER train=0.962%, BWER train=3.706%, skip ratio=0.000%, wrote checkpoint.
At iteration 18676/44400/44400, mean rms=0.457%, delta=0.579%, BCER train=0.992%, BWER train=3.616%, skip ratio=0.000%, wrote checkpoint.
At iteration 18713/44500/44500, mean rms=0.451%, delta=0.544%, BCER train=0.989%, BWER train=3.672%, skip ratio=0.000%, wrote checkpoint.
At iteration 18740/44600/44600, mean rms=0.452%, delta=0.551%, BCER train=0.977%, BWER train=3.721%, skip ratio=0.000%, wrote checkpoint.
At iteration 18777/44700/44700, mean rms=0.450%, delta=0.534%, BCER train=1.012%, BWER train=3.700%, skip ratio=0.000%, wrote checkpoint.
At iteration 18810/44800/44800, mean rms=0.448%, delta=0.539%, BCER train=1.023%, BWER train=3.657%, skip ratio=0.000%, wrote checkpoint.
At iteration 18845/44900/44900, mean rms=0.448%, delta=0.552%, BCER train=1.030%, BWER train=3.536%, skip ratio=0.000%, wrote checkpoint.
At iteration 18869/45000/45000, mean rms=0.443%, delta=0.545%, BCER train=1.024%, BWER train=3.503%, skip ratio=0.000%, wrote checkpoint.
At iteration 18897/45100/45100, mean rms=0.442%, delta=0.566%, BCER train=1.035%, BWER train=3.320%, skip ratio=0.000%, wrote checkpoint.
At iteration 18930/45200/45200, mean rms=0.439%, delta=0.558%, BCER train=1.047%, BWER train=3.460%, skip ratio=0.000%, wrote checkpoint.
At iteration 18966/45300/45300, mean rms=0.456%, delta=0.601%, BCER train=1.109%, BWER train=3.720%, skip ratio=0.000%, wrote checkpoint.
At iteration 18994/45400/45400, mean rms=0.453%, delta=0.584%, BCER train=1.056%, BWER train=3.677%, skip ratio=0.000%, wrote checkpoint.
At iteration 19020/45500/45500, mean rms=0.451%, delta=0.597%, BCER train=1.123%, BWER train=3.640%, skip ratio=0.000%, wrote checkpoint.
At iteration 19050/45600/45600, mean rms=0.454%, delta=0.627%, BCER train=1.170%, BWER train=3.655%, skip ratio=0.000%, wrote checkpoint.
At iteration 19078/45700/45700, mean rms=0.448%, delta=0.610%, BCER train=1.138%, BWER train=3.488%, skip ratio=0.000%, wrote checkpoint.
At iteration 19113/45800/45800, mean rms=0.452%, delta=0.626%, BCER train=1.164%, BWER train=3.628%, skip ratio=0.000%, wrote checkpoint.
At iteration 19148/45900/45900, mean rms=0.454%, delta=0.616%, BCER train=1.168%, BWER train=3.735%, skip ratio=0.000%, wrote checkpoint.
At iteration 19172/46000/46000, mean rms=0.453%, delta=0.606%, BCER train=1.153%, BWER train=3.682%, skip ratio=0.000%, wrote checkpoint.
At iteration 19206/46100/46100, mean rms=0.458%, delta=0.592%, BCER train=1.162%, BWER train=3.947%, skip ratio=0.000%, wrote checkpoint.
At iteration 19236/46200/46200, mean rms=0.452%, delta=0.567%, BCER train=1.126%, BWER train=3.810%, skip ratio=0.000%, wrote checkpoint.
At iteration 19262/46300/46300, mean rms=0.444%, delta=0.552%, BCER train=1.089%, BWER train=3.593%, skip ratio=0.000%, wrote checkpoint.
At iteration 19285/46400/46400, mean rms=0.436%, delta=0.532%, BCER train=1.063%, BWER train=3.519%, skip ratio=0.000%, wrote checkpoint.
At iteration 19316/46500/46500, mean rms=0.434%, delta=0.519%, BCER train=0.984%, BWER train=3.420%, skip ratio=0.000%, wrote checkpoint.
At iteration 19345/46600/46600, mean rms=0.434%, delta=0.508%, BCER train=0.953%, BWER train=3.352%, skip ratio=0.000%, wrote checkpoint.
2 Percent improvement time=16557, best error was 2.882 @ 2811
Warning: LSTMTrainer deserialized an LSTMRecognizer!
At iteration 19368/46700/46700, mean rms=0.424%, delta=0.485%, BCER train=0.878%, BWER train=3.268%, skip ratio=0.000%, New best BCER = 0.878At iteration 12210, stage 1, BCER eval=1.655, BWER eval=5.463 wrote best model:data/tam_v3/checkpoints/tam_v3_0.878_19368_46700.checkpoint wrote checkpoint.
2 Percent improvement time=16581, best error was 2.882 @ 2811
At iteration 19392/46800/46800, mean rms=0.412%, delta=0.446%, BCER train=0.797%, BWER train=2.997%, skip ratio=0.000%, New best BCER = 0.797 wrote best model:data/tam_v3/checkpoints/tam_v3_0.797_19392_46800.checkpoint wrote checkpoint.
At iteration 19428/46900/46900, mean rms=0.421%, delta=0.471%, BCER train=0.839%, BWER train=2.971%, skip ratio=0.000%, New worst BCER = 0.839 wrote checkpoint.
At iteration 19452/47000/47000, mean rms=0.422%, delta=0.465%, BCER train=0.826%, BWER train=2.981%, skip ratio=0.000%, New worst BCER = 0.826 wrote checkpoint.
At iteration 19491/47100/47100, mean rms=0.424%, delta=0.480%, BCER train=0.814%, BWER train=2.832%, skip ratio=0.000%, New worst BCER = 0.814 wrote checkpoint.
At iteration 19514/47200/47200, mean rms=0.427%, delta=0.485%, BCER train=0.834%, BWER train=2.861%, skip ratio=0.000%, New worst BCER = 0.834 wrote checkpoint.
At iteration 19536/47300/47300, mean rms=0.422%, delta=0.477%, BCER train=0.803%, BWER train=2.837%, skip ratio=0.000%, New worst BCER = 0.803 wrote checkpoint.
At iteration 19563/47400/47400, mean rms=0.432%, delta=0.506%, BCER train=0.822%, BWER train=2.874%, skip ratio=0.000%, New worst BCER = 0.822 wrote checkpoint.
At iteration 19590/47500/47500, mean rms=0.432%, delta=0.506%, BCER train=0.859%, BWER train=3.010%, skip ratio=0.000%, New worst BCER = 0.859 wrote checkpoint.
At iteration 19620/47600/47600, mean rms=0.428%, delta=0.475%, BCER train=0.862%, BWER train=3.078%, skip ratio=0.000%, New worst BCER = 0.862 wrote checkpoint.
At iteration 19651/47700/47700, mean rms=0.433%, delta=0.492%, BCER train=0.919%, BWER train=3.234%, skip ratio=0.000%, New worst BCER = 0.919 wrote checkpoint.
At iteration 19688/47800/47800, mean rms=0.439%, delta=0.505%, BCER train=0.932%, BWER train=3.405%, skip ratio=0.000%, New worst BCER = 0.932 wrote checkpoint.
At iteration 19724/47900/47900, mean rms=0.438%, delta=0.515%, BCER train=0.955%, BWER train=3.502%, skip ratio=0.000%, New worst BCER = 0.955 wrote checkpoint.
At iteration 19757/48000/48000, mean rms=0.443%, delta=0.532%, BCER train=0.992%, BWER train=3.589%, skip ratio=0.000%, New worst BCER = 0.992 wrote checkpoint.
At iteration 19789/48100/48100, mean rms=0.436%, delta=0.522%, BCER train=0.964%, BWER train=3.520%, skip ratio=0.000%, New worst BCER = 0.964 wrote checkpoint.
At iteration 19815/48200/48200, mean rms=0.439%, delta=0.547%, BCER train=0.966%, BWER train=3.633%, skip ratio=0.000%, New worst BCER = 0.966 wrote checkpoint.
At iteration 19853/48300/48300, mean rms=0.454%, delta=0.569%, BCER train=1.032%, BWER train=3.797%, skip ratio=0.000%, New worst BCER = 1.032 wrote checkpoint.
At iteration 19880/48400/48400, mean rms=0.453%, delta=0.555%, BCER train=1.087%, BWER train=3.828%, skip ratio=0.000%, New worst BCER = 1.087 wrote checkpoint.
At iteration 19905/48500/48500, mean rms=0.446%, delta=0.522%, BCER train=1.019%, BWER train=3.614%, skip ratio=0.000%, New worst BCER = 1.019 wrote checkpoint.
At iteration 19936/48600/48600, mean rms=0.451%, delta=0.554%, BCER train=1.046%, BWER train=3.658%, skip ratio=0.000%, New worst BCER = 1.046 wrote checkpoint.
At iteration 19967/48700/48700, mean rms=0.459%, delta=0.580%, BCER train=1.061%, BWER train=3.634%, skip ratio=0.000%, New worst BCER = 1.061 wrote checkpoint.
At iteration 20000/48800/48800, mean rms=0.465%, delta=0.615%, BCER train=1.114%, BWER train=3.592%, skip ratio=0.000%, New worst BCER = 1.114 wrote checkpoint.
At iteration 20036/48900/48900, mean rms=0.456%, delta=0.575%, BCER train=1.057%, BWER train=3.444%, skip ratio=0.000%, New worst BCER = 1.057 wrote checkpoint.
At iteration 20071/49000/49000, mean rms=0.464%, delta=0.598%, BCER train=1.081%, BWER train=3.475%, skip ratio=0.000%, New worst BCER = 1.081 wrote checkpoint.
At iteration 20099/49100/49100, mean rms=0.456%, delta=0.575%, BCER train=1.050%, BWER train=3.406%, skip ratio=0.000%, New worst BCER = 1.050 wrote checkpoint.
At iteration 20128/49200/49200, mean rms=0.459%, delta=0.578%, BCER train=1.037%, BWER train=3.294%, skip ratio=0.000%, New worst BCER = 1.037 wrote checkpoint.
At iteration 20154/49300/49300, mean rms=0.447%, delta=0.562%, BCER train=0.992%, BWER train=3.205%, skip ratio=0.000%, New worst BCER = 0.992 wrote checkpoint.
At iteration 20186/49400/49400, mean rms=0.453%, delta=0.595%, BCER train=0.991%, BWER train=3.219%, skip ratio=0.000%, New worst BCER = 0.991 wrote checkpoint.
At iteration 20223/49500/49500, mean rms=0.470%, delta=0.641%, BCER train=1.068%, BWER train=3.415%, skip ratio=0.000%, New worst BCER = 1.068 wrote checkpoint.
At iteration 20262/49600/49600, mean rms=0.482%, delta=0.671%, BCER train=1.081%, BWER train=3.499%, skip ratio=0.000%, New worst BCER = 1.081 wrote checkpoint.
At iteration 20299/49700/49700, mean rms=0.484%, delta=0.678%, BCER train=1.102%, BWER train=3.564%, skip ratio=0.000%, New worst BCER = 1.102 wrote checkpoint.
At iteration 20330/49800/49800, mean rms=0.478%, delta=0.646%, BCER train=1.091%, BWER train=3.677%, skip ratio=0.000%, New worst BCER = 1.091 wrote checkpoint.
At iteration 20359/49900/49900, mean rms=0.473%, delta=0.638%, BCER train=1.047%, BWER train=3.636%, skip ratio=0.000%, New worst BCER = 1.047 wrote checkpoint.
At iteration 20393/50000/50000, mean rms=0.470%, delta=0.627%, BCER train=1.014%, BWER train=3.651%, skip ratio=0.000%, New worst BCER = 1.014Previous test incomplete, skipping test at iteration 19392 wrote checkpoint.
At iteration 20423/50100/50100, mean rms=0.480%, delta=0.659%, BCER train=1.044%, BWER train=3.704%, skip ratio=0.000%, New worst BCER = 1.044Previous test incomplete, skipping test at iteration 20393 wrote checkpoint.
At iteration 20451/50200/50200, mean rms=0.472%, delta=0.639%, BCER train=1.043%, BWER train=3.760%, skip ratio=0.000%, wrote checkpoint.
At iteration 20488/50300/50300, mean rms=0.486%, delta=0.674%, BCER train=1.079%, BWER train=3.880%, skip ratio=0.000%, New worst BCER = 1.079Previous test incomplete, skipping test at iteration 20423 wrote checkpoint.
At iteration 20517/50400/50400, mean rms=0.484%, delta=0.657%, BCER train=1.060%, BWER train=3.914%, skip ratio=0.000%, wrote checkpoint.
At iteration 20547/50500/50500, mean rms=0.469%, delta=0.618%, BCER train=0.994%, BWER train=3.797%, skip ratio=0.000%, wrote checkpoint.
At iteration 20570/50600/50600, mean rms=0.446%, delta=0.549%, BCER train=0.937%, BWER train=3.614%, skip ratio=0.000%, wrote checkpoint.
At iteration 20604/50700/50700, mean rms=0.444%, delta=0.538%, BCER train=0.907%, BWER train=3.521%, skip ratio=0.000%, wrote checkpoint.
At iteration 20634/50800/50800, mean rms=0.450%, delta=0.577%, BCER train=0.911%, BWER train=3.557%, skip ratio=0.000%, wrote checkpoint.
At iteration 20669/50900/50900, mean rms=0.458%, delta=0.586%, BCER train=0.966%, BWER train=3.665%, skip ratio=0.000%, wrote checkpoint.
At iteration 20695/51000/51000, mean rms=0.450%, delta=0.568%, BCER train=0.947%, BWER train=3.579%, skip ratio=0.000%, wrote checkpoint.
At iteration 20722/51100/51100, mean rms=0.447%, delta=0.562%, BCER train=0.945%, BWER train=3.585%, skip ratio=0.000%, wrote checkpoint.
At iteration 20759/51200/51200, mean rms=0.454%, delta=0.569%, BCER train=0.993%, BWER train=3.671%, skip ratio=0.000%, wrote checkpoint.
At iteration 20802/51300/51300, mean rms=0.457%, delta=0.562%, BCER train=1.029%, BWER train=3.769%, skip ratio=0.000%, wrote checkpoint.
At iteration 20833/51400/51400, mean rms=0.463%, delta=0.593%, BCER train=1.083%, BWER train=3.776%, skip ratio=0.000%, New worst BCER = 1.083Previous test incomplete, skipping test at iteration 20488 wrote checkpoint.
At iteration 20854/51500/51500, mean rms=0.466%, delta=0.622%, BCER train=1.103%, BWER train=3.722%, skip ratio=0.000%, New worst BCER = 1.103Previous test incomplete, skipping test at iteration 20833 wrote checkpoint.
At iteration 20884/51600/51600, mean rms=0.471%, delta=0.637%, BCER train=1.140%, BWER train=3.775%, skip ratio=0.000%, New worst BCER = 1.140Previous test incomplete, skipping test at iteration 20854 wrote checkpoint.
At iteration 20912/51700/51700, mean rms=0.470%, delta=0.659%, BCER train=1.229%, BWER train=3.910%, skip ratio=0.000%, New worst BCER = 1.229Previous test incomplete, skipping test at iteration 20884 wrote checkpoint.
At iteration 20941/51800/51800, mean rms=0.455%, delta=0.604%, BCER train=1.192%, BWER train=3.647%, skip ratio=0.000%, wrote checkpoint.
At iteration 20978/51900/51900, mean rms=0.463%, delta=0.643%, BCER train=1.198%, BWER train=3.704%, skip ratio=0.000%, wrote checkpoint.
At iteration 21006/52000/52000, mean rms=0.464%, delta=0.646%, BCER train=1.223%, BWER train=3.829%, skip ratio=0.000%, wrote checkpoint.
At iteration 21037/52100/52100, mean rms=0.468%, delta=0.651%, BCER train=1.232%, BWER train=3.828%, skip ratio=0.000%, New worst BCER = 1.232Previous test incomplete, skipping test at iteration 20912 wrote checkpoint.
At iteration 21069/52200/52200, mean rms=0.472%, delta=0.658%, BCER train=1.220%, BWER train=3.746%, skip ratio=0.000%, wrote checkpoint.
At iteration 21097/52300/52300, mean rms=0.460%, delta=0.653%, BCER train=1.256%, BWER train=3.633%, skip ratio=0.000%, New worst BCER = 1.256Previous test incomplete, skipping test at iteration 21037 wrote checkpoint.
At iteration 21136/52400/52400, mean rms=0.463%, delta=0.647%, BCER train=1.238%, BWER train=3.703%, skip ratio=0.000%, wrote checkpoint.
At iteration 21165/52500/52500, mean rms=0.466%, delta=0.631%, BCER train=1.245%, BWER train=3.730%, skip ratio=0.000%, wrote checkpoint.
At iteration 21189/52600/52600, mean rms=0.461%, delta=0.617%, BCER train=1.229%, BWER train=3.691%, skip ratio=0.000%, wrote checkpoint.
At iteration 21217/52700/52700, mean rms=0.455%, delta=0.572%, BCER train=1.141%, BWER train=3.534%, skip ratio=0.000%, wrote checkpoint.
At iteration 21244/52800/52800, mean rms=0.459%, delta=0.587%, BCER train=1.149%, BWER train=3.685%, skip ratio=0.000%, wrote checkpoint.
At iteration 21276/52900/52900, mean rms=0.443%, delta=0.545%, BCER train=1.085%, BWER train=3.504%, skip ratio=0.000%, wrote checkpoint.
At iteration 21313/53000/53000, mean rms=0.453%, delta=0.587%, BCER train=1.076%, BWER train=3.463%, skip ratio=0.000%, wrote checkpoint.
At iteration 21350/53100/53100, mean rms=0.452%, delta=0.583%, BCER train=1.078%, BWER train=3.482%, skip ratio=0.000%, wrote checkpoint.
At iteration 21374/53200/53200, mean rms=0.442%, delta=0.573%, BCER train=1.018%, BWER train=3.355%, skip ratio=0.000%, wrote checkpoint.
At iteration 21402/53300/53300, mean rms=0.438%, delta=0.540%, BCER train=0.916%, BWER train=3.209%, skip ratio=0.000%, wrote checkpoint.
At iteration 21425/53400/53400, mean rms=0.420%, delta=0.514%, BCER train=0.863%, BWER train=3.103%, skip ratio=0.000%, wrote checkpoint.
At iteration 21447/53500/53500, mean rms=0.413%, delta=0.500%, BCER train=0.823%, BWER train=2.995%, skip ratio=0.000%, wrote checkpoint.
At iteration 21476/53600/53600, mean rms=0.421%, delta=0.504%, BCER train=0.838%, BWER train=3.051%, skip ratio=0.000%, wrote checkpoint.
At iteration 21498/53700/53700, mean rms=0.420%, delta=0.503%, BCER train=0.840%, BWER train=3.010%, skip ratio=0.000%, wrote checkpoint.
At iteration 21532/53800/53800, mean rms=0.430%, delta=0.531%, BCER train=0.849%, BWER train=3.019%, skip ratio=0.000%, wrote checkpoint.
At iteration 21560/53900/53900, mean rms=0.435%, delta=0.537%, BCER train=0.861%, BWER train=2.957%, skip ratio=0.000%, wrote checkpoint.
At iteration 21591/54000/54000, mean rms=0.429%, delta=0.513%, BCER train=0.859%, BWER train=3.045%, skip ratio=0.000%, wrote checkpoint.
At iteration 21619/54100/54100, mean rms=0.426%, delta=0.504%, BCER train=0.848%, BWER train=3.016%, skip ratio=0.000%, wrote checkpoint.
At iteration 21649/54200/54200, mean rms=0.428%, delta=0.496%, BCER train=0.864%, BWER train=3.055%, skip ratio=0.000%, wrote checkpoint.
At iteration 21671/54300/54300, mean rms=0.424%, delta=0.506%, BCER train=0.844%, BWER train=3.014%, skip ratio=0.000%, wrote checkpoint.
At iteration 21708/54400/54400, mean rms=0.441%, delta=0.539%, BCER train=0.856%, BWER train=3.135%, skip ratio=0.000%, wrote checkpoint.
At iteration 21734/54500/54500, mean rms=0.444%, delta=0.539%, BCER train=0.881%, BWER train=3.262%, skip ratio=0.000%, wrote checkpoint.
At iteration 21763/54600/54600, mean rms=0.443%, delta=0.556%, BCER train=0.876%, BWER train=3.227%, skip ratio=0.000%, wrote checkpoint.
At iteration 21794/54700/54700, mean rms=0.454%, delta=0.587%, BCER train=0.893%, BWER train=3.247%, skip ratio=0.000%, wrote checkpoint.
At iteration 21823/54800/54800, mean rms=0.449%, delta=0.582%, BCER train=0.946%, BWER train=3.165%, skip ratio=0.000%, wrote checkpoint.
At iteration 21849/54900/54900, mean rms=0.443%, delta=0.571%, BCER train=0.957%, BWER train=3.312%, skip ratio=0.000%, wrote checkpoint.
At iteration 21878/55000/55000, mean rms=0.437%, delta=0.553%, BCER train=0.942%, BWER train=3.110%, skip ratio=0.000%, wrote checkpoint.
At iteration 21902/55100/55100, mean rms=0.432%, delta=0.557%, BCER train=0.940%, BWER train=3.129%, skip ratio=0.000%, wrote checkpoint.
At iteration 21931/55200/55200, mean rms=0.432%, delta=0.556%, BCER train=0.938%, BWER train=3.265%, skip ratio=0.000%, wrote checkpoint.
At iteration 21959/55300/55300, mean rms=0.431%, delta=0.546%, BCER train=0.940%, BWER train=3.261%, skip ratio=0.000%, wrote checkpoint.
At iteration 21987/55400/55400, mean rms=0.420%, delta=0.503%, BCER train=0.916%, BWER train=3.131%, skip ratio=0.000%, wrote checkpoint.
At iteration 22015/55500/55500, mean rms=0.421%, delta=0.516%, BCER train=0.924%, BWER train=3.079%, skip ratio=0.000%, wrote checkpoint.
At iteration 22047/55600/55600, mean rms=0.434%, delta=0.553%, BCER train=0.968%, BWER train=3.190%, skip ratio=0.000%, wrote checkpoint.
At iteration 22085/55700/55700, mean rms=0.430%, delta=0.542%, BCER train=0.979%, BWER train=3.248%, skip ratio=0.000%, wrote checkpoint.
At iteration 22112/55800/55800, mean rms=0.424%, delta=0.529%, BCER train=0.927%, BWER train=3.288%, skip ratio=0.000%, wrote checkpoint.
At iteration 22139/55900/55900, mean rms=0.423%, delta=0.517%, BCER train=0.896%, BWER train=3.210%, skip ratio=0.000%, wrote checkpoint.
At iteration 22163/56000/56000, mean rms=0.430%, delta=0.550%, BCER train=0.921%, BWER train=3.209%, skip ratio=0.000%, wrote checkpoint.
At iteration 22190/56100/56100, mean rms=0.432%, delta=0.539%, BCER train=0.927%, BWER train=3.234%, skip ratio=0.000%, wrote checkpoint.
At iteration 22221/56200/56200, mean rms=0.432%, delta=0.541%, BCER train=0.946%, BWER train=3.176%, skip ratio=0.000%, wrote checkpoint.
At iteration 22257/56300/56300, mean rms=0.443%, delta=0.562%, BCER train=1.014%, BWER train=3.353%, skip ratio=0.000%, wrote checkpoint.
At iteration 22286/56400/56400, mean rms=0.443%, delta=0.572%, BCER train=1.029%, BWER train=3.367%, skip ratio=0.000%, wrote checkpoint.
At iteration 22320/56500/56500, mean rms=0.447%, delta=0.566%, BCER train=1.026%, BWER train=3.437%, skip ratio=0.000%, wrote checkpoint.
At iteration 22353/56600/56600, mean rms=0.440%, delta=0.546%, BCER train=1.046%, BWER train=3.346%, skip ratio=0.000%, wrote checkpoint.
At iteration 22377/56700/56700, mean rms=0.430%, delta=0.509%, BCER train=0.995%, BWER train=3.228%, skip ratio=0.000%, wrote checkpoint.
At iteration 22408/56800/56800, mean rms=0.441%, delta=0.521%, BCER train=1.014%, BWER train=3.258%, skip ratio=0.000%, wrote checkpoint.
At iteration 22444/56900/56900, mean rms=0.452%, delta=0.559%, BCER train=1.075%, BWER train=3.351%, skip ratio=0.000%, wrote checkpoint.
At iteration 22474/57000/57000, mean rms=0.459%, delta=0.597%, BCER train=1.111%, BWER train=3.599%, skip ratio=0.000%, wrote checkpoint.
At iteration 22510/57100/57100, mean rms=0.466%, delta=0.604%, BCER train=1.146%, BWER train=3.697%, skip ratio=0.000%, wrote checkpoint.
At iteration 22529/57200/57200, mean rms=0.467%, delta=0.614%, BCER train=1.126%, BWER train=3.530%, skip ratio=0.000%, wrote checkpoint.
At iteration 22555/57300/57300, mean rms=0.458%, delta=0.587%, BCER train=1.059%, BWER train=3.388%, skip ratio=0.000%, wrote checkpoint.
At iteration 22581/57400/57400, mean rms=0.456%, delta=0.577%, BCER train=1.027%, BWER train=3.392%, skip ratio=0.000%, wrote checkpoint.
At iteration 22620/57500/57500, mean rms=0.472%, delta=0.640%, BCER train=1.111%, BWER train=3.474%, skip ratio=0.000%, wrote checkpoint.
At iteration 22641/57600/57600, mean rms=0.460%, delta=0.601%, BCER train=1.033%, BWER train=3.430%, skip ratio=0.000%, wrote checkpoint.
At iteration 22677/57700/57700, mean rms=0.475%, delta=0.658%, BCER train=1.094%, BWER train=3.622%, skip ratio=0.000%, wrote checkpoint.
At iteration 22710/57800/57800, mean rms=0.468%, delta=0.630%, BCER train=1.087%, BWER train=3.624%, skip ratio=0.000%, wrote checkpoint.
At iteration 22741/57900/57900, mean rms=0.451%, delta=0.587%, BCER train=1.042%, BWER train=3.579%, skip ratio=0.000%, wrote checkpoint.
At iteration 22775/58000/58000, mean rms=0.447%, delta=0.556%, BCER train=1.010%, BWER train=3.408%, skip ratio=0.000%, wrote checkpoint.
At iteration 22801/58100/58100, mean rms=0.439%, delta=0.538%, BCER train=0.971%, BWER train=3.265%, skip ratio=0.000%, wrote checkpoint.
At iteration 22828/58200/58200, mean rms=0.436%, delta=0.522%, BCER train=0.964%, BWER train=3.336%, skip ratio=0.000%, wrote checkpoint.
At iteration 22863/58300/58300, mean rms=0.456%, delta=0.602%, BCER train=1.059%, BWER train=3.438%, skip ratio=0.000%, wrote checkpoint.
At iteration 22886/58400/58400, mean rms=0.455%, delta=0.612%, BCER train=1.060%, BWER train=3.391%, skip ratio=0.000%, wrote checkpoint.
At iteration 22911/58500/58500, mean rms=0.430%, delta=0.550%, BCER train=0.947%, BWER train=3.187%, skip ratio=0.000%, wrote checkpoint.
At iteration 22944/58600/58600, mean rms=0.446%, delta=0.585%, BCER train=0.967%, BWER train=3.236%, skip ratio=0.000%, wrote checkpoint.
At iteration 22976/58700/58700, mean rms=0.439%, delta=0.560%, BCER train=0.913%, BWER train=3.101%, skip ratio=0.000%, wrote checkpoint.
At iteration 23003/58800/58800, mean rms=0.442%, delta=0.597%, BCER train=0.893%, BWER train=3.081%, skip ratio=0.000%, wrote checkpoint.
At iteration 23030/58900/58900, mean rms=0.454%, delta=0.642%, BCER train=0.930%, BWER train=3.047%, skip ratio=0.000%, wrote checkpoint.
At iteration 23050/59000/59000, mean rms=0.438%, delta=0.578%, BCER train=0.874%, BWER train=2.924%, skip ratio=0.000%, wrote checkpoint.
At iteration 23077/59100/59100, mean rms=0.442%, delta=0.602%, BCER train=0.906%, BWER train=2.923%, skip ratio=0.000%, wrote checkpoint.
At iteration 23105/59200/59200, mean rms=0.444%, delta=0.615%, BCER train=0.923%, BWER train=2.988%, skip ratio=0.000%, wrote checkpoint.
At iteration 23137/59300/59300, mean rms=0.431%, delta=0.561%, BCER train=0.830%, BWER train=2.933%, skip ratio=0.000%, wrote checkpoint.
At iteration 23170/59400/59400, mean rms=0.431%, delta=0.545%, BCER train=0.839%, BWER train=2.934%, skip ratio=0.000%, wrote checkpoint.
At iteration 23193/59500/59500, mean rms=0.441%, delta=0.596%, BCER train=0.871%, BWER train=3.046%, skip ratio=0.000%, wrote checkpoint.
At iteration 23219/59600/59600, mean rms=0.428%, delta=0.573%, BCER train=0.872%, BWER train=2.948%, skip ratio=0.000%, wrote checkpoint.
At iteration 23251/59700/59700, mean rms=0.432%, delta=0.586%, BCER train=0.941%, BWER train=3.013%, skip ratio=0.000%, wrote checkpoint.
At iteration 23281/59800/59800, mean rms=0.433%, delta=0.580%, BCER train=0.986%, BWER train=3.072%, skip ratio=0.000%, wrote checkpoint.
At iteration 23311/59900/59900, mean rms=0.426%, delta=0.551%, BCER train=0.942%, BWER train=3.078%, skip ratio=0.000%, wrote checkpoint.
At iteration 23343/60000/60000, mean rms=0.442%, delta=0.614%, BCER train=1.029%, BWER train=3.195%, skip ratio=0.000%, wrote checkpoint.
At iteration 23367/60100/60100, mean rms=0.432%, delta=0.584%, BCER train=0.973%, BWER train=3.139%, skip ratio=0.000%, wrote checkpoint.
At iteration 23396/60200/60200, mean rms=0.434%, delta=0.597%, BCER train=0.979%, BWER train=3.103%, skip ratio=0.000%, wrote checkpoint.
At iteration 23422/60300/60300, mean rms=0.432%, delta=0.592%, BCER train=1.016%, BWER train=3.096%, skip ratio=0.000%, wrote checkpoint.
At iteration 23452/60400/60400, mean rms=0.442%, delta=0.627%, BCER train=1.037%, BWER train=3.115%, skip ratio=0.000%, wrote checkpoint.
At iteration 23482/60500/60500, mean rms=0.442%, delta=0.608%, BCER train=1.148%, BWER train=3.291%, skip ratio=0.000%, wrote checkpoint.
At iteration 23513/60600/60600, mean rms=0.451%, delta=0.625%, BCER train=1.143%, BWER train=3.359%, skip ratio=0.000%, wrote checkpoint.
At iteration 23545/60700/60700, mean rms=0.449%, delta=0.618%, BCER train=1.076%, BWER train=3.297%, skip ratio=0.000%, wrote checkpoint.
At iteration 23576/60800/60800, mean rms=0.440%, delta=0.577%, BCER train=1.013%, BWER train=3.126%, skip ratio=0.000%, wrote checkpoint.
At iteration 23617/60900/60900, mean rms=0.456%, delta=0.615%, BCER train=1.108%, BWER train=3.213%, skip ratio=0.000%, wrote checkpoint.
At iteration 23644/61000/61000, mean rms=0.446%, delta=0.565%, BCER train=1.086%, BWER train=3.235%, skip ratio=0.000%, wrote checkpoint.
At iteration 23672/61100/61100, mean rms=0.456%, delta=0.603%, BCER train=1.099%, BWER train=3.281%, skip ratio=0.000%, wrote checkpoint.
At iteration 23704/61200/61200, mean rms=0.464%, delta=0.612%, BCER train=1.101%, BWER train=3.306%, skip ratio=0.000%, wrote checkpoint.
At iteration 23742/61300/61300, mean rms=0.470%, delta=0.617%, BCER train=1.120%, BWER train=3.427%, skip ratio=0.000%, wrote checkpoint.
At iteration 23772/61400/61400, mean rms=0.470%, delta=0.634%, BCER train=1.114%, BWER train=3.440%, skip ratio=0.000%, wrote checkpoint.
At iteration 23799/61500/61500, mean rms=0.465%, delta=0.603%, BCER train=1.003%, BWER train=3.250%, skip ratio=0.000%, wrote checkpoint.
At iteration 23843/61600/61600, mean rms=0.479%, delta=0.641%, BCER train=1.062%, BWER train=3.463%, skip ratio=0.000%, wrote checkpoint.
At iteration 23862/61700/61700, mean rms=0.462%, delta=0.596%, BCER train=1.017%, BWER train=3.369%, skip ratio=0.000%, wrote checkpoint.
At iteration 23885/61800/61800, mean rms=0.464%, delta=0.608%, BCER train=1.008%, BWER train=3.382%, skip ratio=0.000%, wrote checkpoint.
At iteration 23916/61900/61900, mean rms=0.457%, delta=0.597%, BCER train=0.970%, BWER train=3.449%, skip ratio=0.000%, wrote checkpoint.
At iteration 23950/62000/62000, mean rms=0.467%, delta=0.620%, BCER train=0.955%, BWER train=3.435%, skip ratio=0.000%, wrote checkpoint.
At iteration 23972/62100/62100, mean rms=0.465%, delta=0.609%, BCER train=0.981%, BWER train=3.541%, skip ratio=0.000%, wrote checkpoint.
At iteration 23997/62200/62200, mean rms=0.452%, delta=0.572%, BCER train=0.962%, BWER train=3.476%, skip ratio=0.000%, wrote checkpoint.
At iteration 24027/62300/62300, mean rms=0.445%, delta=0.565%, BCER train=0.947%, BWER train=3.482%, skip ratio=0.000%, wrote checkpoint.
At iteration 24067/62400/62400, mean rms=0.461%, delta=0.602%, BCER train=1.044%, BWER train=3.733%, skip ratio=0.000%, wrote checkpoint.
At iteration 24101/62500/62500, mean rms=0.464%, delta=0.612%, BCER train=1.072%, BWER train=3.825%, skip ratio=0.000%, wrote checkpoint.
At iteration 24130/62600/62600, mean rms=0.449%, delta=0.573%, BCER train=1.032%, BWER train=3.594%, skip ratio=0.000%, wrote checkpoint.
At iteration 24156/62700/62700, mean rms=0.457%, delta=0.599%, BCER train=1.044%, BWER train=3.615%, skip ratio=0.000%, wrote checkpoint.
At iteration 24180/62800/62800, mean rms=0.457%, delta=0.611%, BCER train=1.077%, BWER train=3.649%, skip ratio=0.000%, wrote checkpoint.
At iteration 24210/62900/62900, mean rms=0.454%, delta=0.603%, BCER train=1.044%, BWER train=3.504%, skip ratio=0.000%, wrote checkpoint.
At iteration 24238/63000/63000, mean rms=0.450%, delta=0.630%, BCER train=1.062%, BWER train=3.485%, skip ratio=0.000%, wrote checkpoint.
At iteration 24265/63100/63100, mean rms=0.454%, delta=0.640%, BCER train=1.114%, BWER train=3.540%, skip ratio=0.000%, wrote checkpoint.
At iteration 24293/63200/63200, mean rms=0.455%, delta=0.660%, BCER train=1.131%, BWER train=3.573%, skip ratio=0.000%, wrote checkpoint.
At iteration 24319/63300/63300, mean rms=0.453%, delta=0.643%, BCER train=1.107%, BWER train=3.461%, skip ratio=0.000%, wrote checkpoint.
At iteration 24350/63400/63400, mean rms=0.434%, delta=0.584%, BCER train=1.056%, BWER train=3.226%, skip ratio=0.000%, wrote checkpoint.
At iteration 24385/63500/63500, mean rms=0.438%, delta=0.580%, BCER train=1.037%, BWER train=3.220%, skip ratio=0.000%, wrote checkpoint.
At iteration 24412/63600/63600, mean rms=0.427%, delta=0.558%, BCER train=0.971%, BWER train=3.180%, skip ratio=0.000%, wrote checkpoint.
At iteration 24449/63700/63700, mean rms=0.433%, delta=0.560%, BCER train=0.991%, BWER train=3.304%, skip ratio=0.000%, wrote checkpoint.
At iteration 24475/63800/63800, mean rms=0.433%, delta=0.549%, BCER train=1.020%, BWER train=3.356%, skip ratio=0.000%, wrote checkpoint.
At iteration 24497/63900/63900, mean rms=0.424%, delta=0.519%, BCER train=0.986%, BWER train=3.268%, skip ratio=0.000%, wrote checkpoint.
At iteration 24518/64000/64000, mean rms=0.415%, delta=0.472%, BCER train=0.967%, BWER train=3.156%, skip ratio=0.000%, wrote checkpoint.
At iteration 24555/64100/64100, mean rms=0.424%, delta=0.489%, BCER train=0.932%, BWER train=3.085%, skip ratio=0.000%, wrote checkpoint.
At iteration 24584/64200/64200, mean rms=0.428%, delta=0.476%, BCER train=0.947%, BWER train=3.191%, skip ratio=0.000%, wrote checkpoint.
At iteration 24618/64300/64300, mean rms=0.438%, delta=0.505%, BCER train=0.997%, BWER train=3.245%, skip ratio=0.000%, wrote checkpoint.
At iteration 24644/64400/64400, mean rms=0.434%, delta=0.507%, BCER train=0.947%, BWER train=3.262%, skip ratio=0.000%, wrote checkpoint.
At iteration 24667/64500/64500, mean rms=0.423%, delta=0.499%, BCER train=0.930%, BWER train=3.078%, skip ratio=0.000%, wrote checkpoint.
At iteration 24694/64600/64600, mean rms=0.431%, delta=0.518%, BCER train=0.989%, BWER train=3.069%, skip ratio=0.000%, wrote checkpoint.
At iteration 24722/64700/64700, mean rms=0.424%, delta=0.503%, BCER train=0.978%, BWER train=2.972%, skip ratio=0.000%, wrote checkpoint.
At iteration 24757/64800/64800, mean rms=0.428%, delta=0.506%, BCER train=0.951%, BWER train=3.039%, skip ratio=0.000%, wrote checkpoint.
At iteration 24787/64900/64900, mean rms=0.440%, delta=0.542%, BCER train=0.991%, BWER train=3.126%, skip ratio=0.000%, wrote checkpoint.
At iteration 24821/65000/65000, mean rms=0.456%, delta=0.581%, BCER train=1.031%, BWER train=3.256%, skip ratio=0.000%, wrote checkpoint.
At iteration 24846/65100/65100, mean rms=0.445%, delta=0.561%, BCER train=1.048%, BWER train=3.324%, skip ratio=0.000%, wrote checkpoint.
At iteration 24868/65200/65200, mean rms=0.433%, delta=0.549%, BCER train=0.993%, BWER train=3.143%, skip ratio=0.000%, wrote checkpoint.
At iteration 24901/65300/65300, mean rms=0.435%, delta=0.581%, BCER train=1.025%, BWER train=3.272%, skip ratio=0.000%, wrote checkpoint.
At iteration 24919/65400/65400, mean rms=0.430%, delta=0.561%, BCER train=1.035%, BWER train=3.089%, skip ratio=0.000%, wrote checkpoint.
At iteration 24945/65500/65500, mean rms=0.430%, delta=0.549%, BCER train=1.017%, BWER train=3.153%, skip ratio=0.000%, wrote checkpoint.
At iteration 24966/65600/65600, mean rms=0.424%, delta=0.525%, BCER train=0.967%, BWER train=3.188%, skip ratio=0.000%, wrote checkpoint.
At iteration 25001/65700/65700, mean rms=0.433%, delta=0.551%, BCER train=1.008%, BWER train=3.261%, skip ratio=0.000%, wrote checkpoint.
At iteration 25026/65800/65800, mean rms=0.430%, delta=0.553%, BCER train=0.998%, BWER train=3.220%, skip ratio=0.000%, wrote checkpoint.
At iteration 25058/65900/65900, mean rms=0.426%, delta=0.540%, BCER train=0.982%, BWER train=3.221%, skip ratio=0.000%, wrote checkpoint.
At iteration 25093/66000/66000, mean rms=0.417%, delta=0.511%, BCER train=0.938%, BWER train=3.215%, skip ratio=0.000%, wrote checkpoint.
At iteration 25121/66100/66100, mean rms=0.418%, delta=0.509%, BCER train=0.919%, BWER train=3.163%, skip ratio=0.000%, wrote checkpoint.
At iteration 25146/66200/66200, mean rms=0.418%, delta=0.501%, BCER train=0.913%, BWER train=3.262%, skip ratio=0.000%, wrote checkpoint.
At iteration 25173/66300/66300, mean rms=0.409%, delta=0.460%, BCER train=0.822%, BWER train=3.074%, skip ratio=0.000%, wrote checkpoint.
At iteration 25197/66400/66400, mean rms=0.415%, delta=0.483%, BCER train=0.810%, BWER train=3.138%, skip ratio=0.000%, wrote checkpoint.
At iteration 25228/66500/66500, mean rms=0.427%, delta=0.535%, BCER train=0.931%, BWER train=3.408%, skip ratio=0.000%, wrote checkpoint.
At iteration 25255/66600/66600, mean rms=0.436%, delta=0.577%, BCER train=0.962%, BWER train=3.459%, skip ratio=0.000%, wrote checkpoint.
At iteration 25292/66700/66700, mean rms=0.436%, delta=0.567%, BCER train=0.946%, BWER train=3.563%, skip ratio=0.000%, wrote checkpoint.
At iteration 25329/66800/66800, mean rms=0.450%, delta=0.595%, BCER train=0.991%, BWER train=3.617%, skip ratio=0.000%, wrote checkpoint.
At iteration 25360/66900/66900, mean rms=0.449%, delta=0.595%, BCER train=0.986%, BWER train=3.670%, skip ratio=0.000%, wrote checkpoint.
At iteration 25389/67000/67000, mean rms=0.452%, delta=0.610%, BCER train=0.978%, BWER train=3.602%, skip ratio=0.000%, wrote checkpoint.
At iteration 25419/67100/67100, mean rms=0.457%, delta=0.619%, BCER train=1.007%, BWER train=3.588%, skip ratio=0.000%, wrote checkpoint.
At iteration 25440/67200/67200, mean rms=0.463%, delta=0.638%, BCER train=1.035%, BWER train=3.507%, skip ratio=0.000%, wrote checkpoint.
At iteration 25475/67300/67300, mean rms=0.469%, delta=0.642%, BCER train=1.066%, BWER train=3.557%, skip ratio=0.000%, wrote checkpoint.
At iteration 25510/67400/67400, mean rms=0.469%, delta=0.621%, BCER train=1.081%, BWER train=3.811%, skip ratio=0.000%, wrote checkpoint.
At iteration 25539/67500/67500, mean rms=0.466%, delta=0.593%, BCER train=0.993%, BWER train=3.649%, skip ratio=0.000%, wrote checkpoint.
At iteration 25565/67600/67600, mean rms=0.465%, delta=0.590%, BCER train=1.014%, BWER train=3.689%, skip ratio=0.000%, wrote checkpoint.
At iteration 25588/67700/67700, mean rms=0.457%, delta=0.582%, BCER train=1.031%, BWER train=3.634%, skip ratio=0.000%, wrote checkpoint.
At iteration 25616/67800/67800, mean rms=0.450%, delta=0.582%, BCER train=1.014%, BWER train=3.558%, skip ratio=0.000%, wrote checkpoint.
At iteration 25642/67900/67900, mean rms=0.446%, delta=0.574%, BCER train=1.018%, BWER train=3.582%, skip ratio=0.000%, wrote checkpoint.
At iteration 25675/68000/68000, mean rms=0.443%, delta=0.555%, BCER train=1.014%, BWER train=3.657%, skip ratio=0.000%, wrote checkpoint.
At iteration 25706/68100/68100, mean rms=0.443%, delta=0.545%, BCER train=0.997%, BWER train=3.685%, skip ratio=0.000%, wrote checkpoint.
At iteration 25738/68200/68200, mean rms=0.451%, delta=0.579%, BCER train=1.018%, BWER train=3.787%, skip ratio=0.000%, wrote checkpoint.
At iteration 25762/68300/68300, mean rms=0.446%, delta=0.587%, BCER train=1.008%, BWER train=3.673%, skip ratio=0.000%, wrote checkpoint.
At iteration 25793/68400/68400, mean rms=0.445%, delta=0.587%, BCER train=0.995%, BWER train=3.621%, skip ratio=0.000%, wrote checkpoint.
At iteration 25824/68500/68500, mean rms=0.441%, delta=0.580%, BCER train=0.991%, BWER train=3.535%, skip ratio=0.000%, wrote checkpoint.
At iteration 25850/68600/68600, mean rms=0.439%, delta=0.555%, BCER train=0.964%, BWER train=3.498%, skip ratio=0.000%, wrote checkpoint.
At iteration 25879/68700/68700, mean rms=0.446%, delta=0.574%, BCER train=0.934%, BWER train=3.398%, skip ratio=0.000%, wrote checkpoint.
At iteration 25904/68800/68800, mean rms=0.436%, delta=0.532%, BCER train=0.898%, BWER train=3.346%, skip ratio=0.000%, wrote checkpoint.
At iteration 25939/68900/68900, mean rms=0.450%, delta=0.589%, BCER train=0.944%, BWER train=3.415%, skip ratio=0.000%, wrote checkpoint.
At iteration 25969/69000/69000, mean rms=0.456%, delta=0.608%, BCER train=0.995%, BWER train=3.499%, skip ratio=0.000%, wrote checkpoint.
At iteration 25993/69100/69100, mean rms=0.452%, delta=0.597%, BCER train=0.979%, BWER train=3.466%, skip ratio=0.000%, wrote checkpoint.
At iteration 26025/69200/69200, mean rms=0.452%, delta=0.587%, BCER train=1.033%, BWER train=3.442%, skip ratio=0.000%, wrote checkpoint.
At iteration 26059/69300/69300, mean rms=0.462%, delta=0.598%, BCER train=1.102%, BWER train=3.692%, skip ratio=0.000%, wrote checkpoint.
At iteration 26082/69400/69400, mean rms=0.462%, delta=0.616%, BCER train=1.114%, BWER train=3.485%, skip ratio=0.000%, wrote checkpoint.
At iteration 26105/69500/69500, mean rms=0.464%, delta=0.633%, BCER train=1.112%, BWER train=3.463%, skip ratio=0.000%, wrote checkpoint.
At iteration 26131/69600/69600, mean rms=0.467%, delta=0.635%, BCER train=1.089%, BWER train=3.482%, skip ratio=0.000%, wrote checkpoint.
At iteration 26162/69700/69700, mean rms=0.460%, delta=0.617%, BCER train=1.084%, BWER train=3.528%, skip ratio=0.000%, wrote checkpoint.
At iteration 26179/69800/69800, mean rms=0.453%, delta=0.602%, BCER train=1.048%, BWER train=3.400%, skip ratio=0.000%, wrote checkpoint.
At iteration 26208/69900/69900, mean rms=0.447%, delta=0.581%, BCER train=1.026%, BWER train=3.265%, skip ratio=0.000%, wrote checkpoint.
At iteration 26241/70000/70000, mean rms=0.444%, delta=0.583%, BCER train=1.020%, BWER train=3.229%, skip ratio=0.000%, wrote checkpoint.
At iteration 26277/70100/70100, mean rms=0.449%, delta=0.599%, BCER train=1.006%, BWER train=3.159%, skip ratio=0.000%, wrote checkpoint.
At iteration 26312/70200/70200, mean rms=0.452%, delta=0.607%, BCER train=0.989%, BWER train=3.231%, skip ratio=0.000%, wrote checkpoint.
At iteration 26333/70300/70300, mean rms=0.438%, delta=0.573%, BCER train=0.886%, BWER train=2.981%, skip ratio=0.000%, wrote checkpoint.
At iteration 26359/70400/70400, mean rms=0.437%, delta=0.557%, BCER train=0.908%, BWER train=3.099%, skip ratio=0.000%, wrote checkpoint.
At iteration 26383/70500/70500, mean rms=0.434%, delta=0.547%, BCER train=0.909%, BWER train=3.204%, skip ratio=0.000%, wrote checkpoint.
At iteration 26412/70600/70600, mean rms=0.437%, delta=0.585%, BCER train=0.963%, BWER train=3.129%, skip ratio=0.000%, wrote checkpoint.
At iteration 26439/70700/70700, mean rms=0.442%, delta=0.605%, BCER train=1.006%, BWER train=3.080%, skip ratio=0.000%, wrote checkpoint.
At iteration 26479/70800/70800, mean rms=0.465%, delta=0.665%, BCER train=1.106%, BWER train=3.331%, skip ratio=0.000%, wrote checkpoint.
At iteration 26499/70900/70900, mean rms=0.453%, delta=0.620%, BCER train=1.065%, BWER train=3.372%, skip ratio=0.000%, wrote checkpoint.
At iteration 26519/71000/71000, mean rms=0.441%, delta=0.580%, BCER train=1.001%, BWER train=3.291%, skip ratio=0.000%, wrote checkpoint.
At iteration 26554/71100/71100, mean rms=0.447%, delta=0.603%, BCER train=1.044%, BWER train=3.347%, skip ratio=0.000%, wrote checkpoint.
At iteration 26581/71200/71200, mean rms=0.437%, delta=0.576%, BCER train=0.997%, BWER train=3.287%, skip ratio=0.000%, wrote checkpoint.
At iteration 26605/71300/71300, mean rms=0.441%, delta=0.591%, BCER train=1.026%, BWER train=3.265%, skip ratio=0.000%, wrote checkpoint.
At iteration 26637/71400/71400, mean rms=0.444%, delta=0.600%, BCER train=0.972%, BWER train=3.175%, skip ratio=0.000%, wrote checkpoint.
At iteration 26670/71500/71500, mean rms=0.456%, delta=0.621%, BCER train=1.049%, BWER train=3.236%, skip ratio=0.000%, wrote checkpoint.
At iteration 26697/71600/71600, mean rms=0.448%, delta=0.585%, BCER train=1.009%, BWER train=3.250%, skip ratio=0.000%, wrote checkpoint.
At iteration 26717/71700/71700, mean rms=0.442%, delta=0.563%, BCER train=0.974%, BWER train=3.200%, skip ratio=0.000%, wrote checkpoint.
At iteration 26753/71800/71800, mean rms=0.438%, delta=0.549%, BCER train=0.931%, BWER train=3.218%, skip ratio=0.000%, wrote checkpoint.
At iteration 26781/71900/71900, mean rms=0.445%, delta=0.550%, BCER train=0.957%, BWER train=3.236%, skip ratio=0.000%, wrote checkpoint.
At iteration 26810/72000/72000, mean rms=0.449%, delta=0.565%, BCER train=0.951%, BWER train=3.243%, skip ratio=0.000%, wrote checkpoint.
At iteration 26843/72100/72100, mean rms=0.450%, delta=0.593%, BCER train=0.968%, BWER train=3.382%, skip ratio=0.000%, wrote checkpoint.
At iteration 26872/72200/72200, mean rms=0.453%, delta=0.595%, BCER train=0.992%, BWER train=3.413%, skip ratio=0.000%, wrote checkpoint.
At iteration 26906/72300/72300, mean rms=0.459%, delta=0.612%, BCER train=1.058%, BWER train=3.625%, skip ratio=0.000%, wrote checkpoint.
At iteration 26941/72400/72400, mean rms=0.469%, delta=0.646%, BCER train=1.144%, BWER train=3.736%, skip ratio=0.000%, wrote checkpoint.
At iteration 26975/72500/72500, mean rms=0.464%, delta=0.641%, BCER train=1.111%, BWER train=3.754%, skip ratio=0.000%, wrote checkpoint.
At iteration 27011/72600/72600, mean rms=0.474%, delta=0.649%, BCER train=1.163%, BWER train=3.934%, skip ratio=0.000%, wrote checkpoint.
At iteration 27029/72700/72700, mean rms=0.469%, delta=0.636%, BCER train=1.115%, BWER train=3.886%, skip ratio=0.000%, wrote checkpoint.
At iteration 27054/72800/72800, mean rms=0.464%, delta=0.639%, BCER train=1.078%, BWER train=3.717%, skip ratio=0.000%, wrote checkpoint.
At iteration 27087/72900/72900, mean rms=0.462%, delta=0.634%, BCER train=1.067%, BWER train=3.633%, skip ratio=0.000%, wrote checkpoint.
At iteration 27116/73000/73000, mean rms=0.470%, delta=0.673%, BCER train=1.144%, BWER train=3.681%, skip ratio=0.000%, wrote checkpoint.
At iteration 27145/73100/73100, mean rms=0.463%, delta=0.629%, BCER train=1.085%, BWER train=3.468%, skip ratio=0.000%, wrote checkpoint.
At iteration 27171/73200/73200, mean rms=0.470%, delta=0.653%, BCER train=1.120%, BWER train=3.489%, skip ratio=0.000%, wrote checkpoint.
At iteration 27211/73300/73300, mean rms=0.477%, delta=0.667%, BCER train=1.143%, BWER train=3.484%, skip ratio=0.000%, wrote checkpoint.
At iteration 27243/73400/73400, mean rms=0.470%, delta=0.642%, BCER train=1.058%, BWER train=3.416%, skip ratio=0.000%, wrote checkpoint.
At iteration 27265/73500/73500, mean rms=0.457%, delta=0.612%, BCER train=0.964%, BWER train=3.142%, skip ratio=0.000%, wrote checkpoint.
At iteration 27296/73600/73600, mean rms=0.454%, delta=0.612%, BCER train=0.972%, BWER train=3.073%, skip ratio=0.000%, wrote checkpoint.
At iteration 27326/73700/73700, mean rms=0.468%, delta=0.651%, BCER train=1.068%, BWER train=3.220%, skip ratio=0.000%, wrote checkpoint.
At iteration 27359/73800/73800, mean rms=0.470%, delta=0.647%, BCER train=1.116%, BWER train=3.336%, skip ratio=0.000%, wrote checkpoint.
At iteration 27382/73900/73900, mean rms=0.470%, delta=0.669%, BCER train=1.123%, BWER train=3.305%, skip ratio=0.000%, wrote checkpoint.
At iteration 27416/74000/74000, mean rms=0.472%, delta=0.661%, BCER train=1.098%, BWER train=3.362%, skip ratio=0.000%, wrote checkpoint.
At iteration 27450/74100/74100, mean rms=0.478%, delta=0.674%, BCER train=1.135%, BWER train=3.566%, skip ratio=0.000%, wrote checkpoint.
At iteration 27475/74200/74200, mean rms=0.471%, delta=0.662%, BCER train=1.134%, BWER train=3.490%, skip ratio=0.000%, wrote checkpoint.
At iteration 27504/74300/74300, mean rms=0.454%, delta=0.617%, BCER train=1.056%, BWER train=3.334%, skip ratio=0.000%, wrote checkpoint.
At iteration 27527/74400/74400, mean rms=0.447%, delta=0.597%, BCER train=1.100%, BWER train=3.328%, skip ratio=0.000%, wrote checkpoint.
At iteration 27560/74500/74500, mean rms=0.462%, delta=0.644%, BCER train=1.193%, BWER train=3.501%, skip ratio=0.000%, wrote checkpoint.
Warning: LSTMTrainer deserialized an LSTMRecognizer!
At iteration 27596/74600/74600, mean rms=0.477%, delta=0.749%, BCER train=1.271%, BWER train=3.581%, skip ratio=0.000%, New worst BCER = 1.271At iteration 16755, stage 1, BCER eval=1.116, BWER eval=3.707 wrote checkpoint.
At iteration 27631/74700/74700, mean rms=0.470%, delta=0.712%, BCER train=1.229%, BWER train=3.699%, skip ratio=0.000%, wrote checkpoint.
At iteration 27662/74800/74800, mean rms=0.479%, delta=0.750%, BCER train=1.289%, BWER train=3.682%, skip ratio=0.000%, New worst BCER = 1.289Previous test incomplete, skipping test at iteration 27596 wrote checkpoint.
At iteration 27691/74900/74900, mean rms=0.482%, delta=0.741%, BCER train=1.310%, BWER train=3.716%, skip ratio=0.000%, New worst BCER = 1.310Previous test incomplete, skipping test at iteration 27662 wrote checkpoint.
At iteration 27720/75000/75000, mean rms=0.469%, delta=0.708%, BCER train=1.280%, BWER train=3.622%, skip ratio=0.000%, wrote checkpoint.
At iteration 27755/75100/75100, mean rms=0.469%, delta=0.709%, BCER train=1.269%, BWER train=3.583%, skip ratio=0.000%, wrote checkpoint.
At iteration 27791/75200/75200, mean rms=0.481%, delta=0.733%, BCER train=1.304%, BWER train=3.815%, skip ratio=0.000%, wrote checkpoint.
At iteration 27819/75300/75300, mean rms=0.487%, delta=0.744%, BCER train=1.289%, BWER train=3.848%, skip ratio=0.000%, wrote checkpoint.
At iteration 27853/75400/75400, mean rms=0.502%, delta=0.790%, BCER train=1.376%, BWER train=3.922%, skip ratio=0.000%, New worst BCER = 1.376Previous test incomplete, skipping test at iteration 27691 wrote checkpoint.
At iteration 27882/75500/75500, mean rms=0.490%, delta=0.742%, BCER train=1.296%, BWER train=3.792%, skip ratio=0.000%, wrote checkpoint.
At iteration 27915/75600/75600, mean rms=0.476%, delta=0.643%, BCER train=1.185%, BWER train=3.609%, skip ratio=0.000%, wrote checkpoint.
At iteration 27951/75700/75700, mean rms=0.481%, delta=0.660%, BCER train=1.205%, BWER train=3.447%, skip ratio=0.000%, wrote checkpoint.
At iteration 27988/75800/75800, mean rms=0.474%, delta=0.626%, BCER train=1.206%, BWER train=3.434%, skip ratio=0.000%, wrote checkpoint.
At iteration 28023/75900/75900, mean rms=0.485%, delta=0.686%, BCER train=1.198%, BWER train=3.478%, skip ratio=0.000%, wrote checkpoint.
At iteration 28055/76000/76000, mean rms=0.496%, delta=0.716%, BCER train=1.221%, BWER train=3.446%, skip ratio=0.000%, wrote checkpoint.
At iteration 28084/76100/76100, mean rms=0.484%, delta=0.681%, BCER train=1.175%, BWER train=3.323%, skip ratio=0.000%, wrote checkpoint.
At iteration 28116/76200/76200, mean rms=0.474%, delta=0.654%, BCER train=1.098%, BWER train=3.123%, skip ratio=0.000%, wrote checkpoint.
At iteration 28135/76300/76300, mean rms=0.468%, delta=0.646%, BCER train=1.064%, BWER train=3.037%, skip ratio=0.000%, wrote checkpoint.
At iteration 28151/76400/76400, mean rms=0.446%, delta=0.584%, BCER train=0.926%, BWER train=2.958%, skip ratio=0.000%, wrote checkpoint.
At iteration 28181/76500/76500, mean rms=0.450%, delta=0.600%, BCER train=0.963%, BWER train=2.996%, skip ratio=0.000%, wrote checkpoint.
At iteration 28211/76600/76600, mean rms=0.445%, delta=0.596%, BCER train=0.962%, BWER train=3.030%, skip ratio=0.000%, wrote checkpoint.
At iteration 28243/76700/76700, mean rms=0.444%, delta=0.600%, BCER train=0.947%, BWER train=3.032%, skip ratio=0.000%, wrote checkpoint.
At iteration 28270/76800/76800, mean rms=0.441%, delta=0.596%, BCER train=0.851%, BWER train=2.983%, skip ratio=0.000%, wrote checkpoint.
At iteration 28303/76900/76900, mean rms=0.434%, delta=0.555%, BCER train=0.884%, BWER train=3.042%, skip ratio=0.000%, wrote checkpoint.
At iteration 28340/77000/77000, mean rms=0.433%, delta=0.552%, BCER train=0.925%, BWER train=3.366%, skip ratio=0.000%, wrote checkpoint.
At iteration 28367/77100/77100, mean rms=0.437%, delta=0.562%, BCER train=0.956%, BWER train=3.373%, skip ratio=0.000%, wrote checkpoint.
At iteration 28392/77200/77200, mean rms=0.430%, delta=0.539%, BCER train=0.953%, BWER train=3.381%, skip ratio=0.000%, wrote checkpoint.
At iteration 28427/77300/77300, mean rms=0.436%, delta=0.539%, BCER train=0.991%, BWER train=3.496%, skip ratio=0.000%, wrote checkpoint.
At iteration 28463/77400/77400, mean rms=0.456%, delta=0.619%, BCER train=1.133%, BWER train=3.746%, skip ratio=0.000%, wrote checkpoint.
At iteration 28495/77500/77500, mean rms=0.456%, delta=0.616%, BCER train=1.108%, BWER train=3.784%, skip ratio=0.000%, wrote checkpoint.
At iteration 28516/77600/77600, mean rms=0.450%, delta=0.602%, BCER train=1.051%, BWER train=3.698%, skip ratio=0.000%, wrote checkpoint.
At iteration 28554/77700/77700, mean rms=0.457%, delta=0.629%, BCER train=1.087%, BWER train=3.793%, skip ratio=0.000%, wrote checkpoint.
At iteration 28586/77800/77800, mean rms=0.459%, delta=0.630%, BCER train=1.113%, BWER train=3.860%, skip ratio=0.000%, wrote checkpoint.
At iteration 28617/77900/77900, mean rms=0.466%, delta=0.643%, BCER train=1.107%, BWER train=3.810%, skip ratio=0.000%, wrote checkpoint.
At iteration 28652/78000/78000, mean rms=0.470%, delta=0.652%, BCER train=1.105%, BWER train=3.582%, skip ratio=0.000%, wrote checkpoint.
At iteration 28682/78100/78100, mean rms=0.471%, delta=0.656%, BCER train=1.085%, BWER train=3.592%, skip ratio=0.000%, wrote checkpoint.
At iteration 28709/78200/78200, mean rms=0.474%, delta=0.669%, BCER train=1.091%, BWER train=3.534%, skip ratio=0.000%, wrote checkpoint.
At iteration 28744/78300/78300, mean rms=0.482%, delta=0.700%, BCER train=1.120%, BWER train=3.569%, skip ratio=0.000%, wrote checkpoint.
At iteration 28779/78400/78400, mean rms=0.476%, delta=0.642%, BCER train=1.013%, BWER train=3.363%, skip ratio=0.000%, wrote checkpoint.
At iteration 28807/78500/78500, mean rms=0.476%, delta=0.646%, BCER train=1.052%, BWER train=3.583%, skip ratio=0.000%, wrote checkpoint.
At iteration 28838/78600/78600, mean rms=0.490%, delta=0.674%, BCER train=1.129%, BWER train=3.838%, skip ratio=0.000%, wrote checkpoint.
At iteration 28866/78700/78700, mean rms=0.486%, delta=0.676%, BCER train=1.114%, BWER train=3.765%, skip ratio=0.000%, wrote checkpoint.
At iteration 28894/78800/78800, mean rms=0.482%, delta=0.649%, BCER train=1.113%, BWER train=3.717%, skip ratio=0.000%, wrote checkpoint.
At iteration 28919/78900/78900, mean rms=0.469%, delta=0.621%, BCER train=1.060%, BWER train=3.609%, skip ratio=0.000%, wrote checkpoint.
At iteration 28948/79000/79000, mean rms=0.459%, delta=0.589%, BCER train=0.994%, BWER train=3.515%, skip ratio=0.000%, wrote checkpoint.
At iteration 28978/79100/79100, mean rms=0.460%, delta=0.589%, BCER train=1.003%, BWER train=3.622%, skip ratio=0.000%, wrote checkpoint.
At iteration 29007/79200/79200, mean rms=0.464%, delta=0.602%, BCER train=1.033%, BWER train=3.716%, skip ratio=0.000%, wrote checkpoint.
At iteration 29035/79300/79300, mean rms=0.456%, delta=0.582%, BCER train=1.010%, BWER train=3.730%, skip ratio=0.000%, wrote checkpoint.
At iteration 29054/79400/79400, mean rms=0.448%, delta=0.578%, BCER train=1.002%, BWER train=3.659%, skip ratio=0.000%, wrote checkpoint.
At iteration 29087/79500/79500, mean rms=0.454%, delta=0.591%, BCER train=0.991%, BWER train=3.431%, skip ratio=0.000%, wrote checkpoint.
At iteration 29117/79600/79600, mean rms=0.454%, delta=0.592%, BCER train=0.991%, BWER train=3.301%, skip ratio=0.000%, wrote checkpoint.
At iteration 29142/79700/79700, mean rms=0.452%, delta=0.576%, BCER train=0.968%, BWER train=3.296%, skip ratio=0.000%, wrote checkpoint.
At iteration 29170/79800/79800, mean rms=0.455%, delta=0.599%, BCER train=0.959%, BWER train=3.324%, skip ratio=0.000%, wrote checkpoint.
At iteration 29200/79900/79900, mean rms=0.463%, delta=0.607%, BCER train=0.987%, BWER train=3.400%, skip ratio=0.000%, wrote checkpoint.
At iteration 29225/80000/80000, mean rms=0.456%, delta=0.589%, BCER train=0.970%, BWER train=3.335%, skip ratio=0.000%, wrote checkpoint.
At iteration 29254/80100/80100, mean rms=0.453%, delta=0.584%, BCER train=0.997%, BWER train=3.321%, skip ratio=0.000%, wrote checkpoint.
At iteration 29285/80200/80200, mean rms=0.453%, delta=0.571%, BCER train=0.973%, BWER train=3.387%, skip ratio=0.000%, wrote checkpoint.
At iteration 29316/80300/80300, mean rms=0.456%, delta=0.581%, BCER train=0.977%, BWER train=3.379%, skip ratio=0.000%, wrote checkpoint.
At iteration 29346/80400/80400, mean rms=0.466%, delta=0.608%, BCER train=1.003%, BWER train=3.409%, skip ratio=0.000%, wrote checkpoint.
At iteration 29376/80500/80500, mean rms=0.465%, delta=0.607%, BCER train=1.025%, BWER train=3.453%, skip ratio=0.000%, wrote checkpoint.
Layer 2=ConvNL: lr 0.00025->2.60018%, lr 0.000353553->2.67169% SAME
Layer 4=Lfys48: lr 0.00025->4.64678%, lr 0.000353553->5.99247% REDUCED
Layer 5=Lfx96: lr 0.00025->6.12479%, lr 0.000353553->8.47407% REDUCED
Layer 6=Lrx96: lr 0.00025->14.4646%, lr 0.000353553->18.1769% REDUCED
Layer 7=Lfx192: lr 0.00025->21.6028%, lr 0.000353553->26.8649% REDUCED
Layer 8=Output: lr 0.00025->0.00290497%, lr 0.000353553->0.00344144% REDUCED
UpdateSubtrainer:At iteration 19426/46900/46900, mean rms=0.422%, delta=0.478%, BCER train=0.865%, BWER train=3.006%, skip ratio=0.000%,
UpdateSubtrainer:At iteration 19452/47000/47000, mean rms=0.422%, delta=0.475%, BCER train=0.855%, BWER train=3.082%, skip ratio=0.000%,
UpdateSubtrainer:At iteration 19485/47100/47100, mean rms=0.427%, delta=0.515%, BCER train=0.878%, BWER train=2.909%, skip ratio=0.000%,
UpdateSubtrainer:At iteration 19507/47200/47200, mean rms=0.430%, delta=0.530%, BCER train=0.886%, BWER train=2.940%, skip ratio=0.000%,
UpdateSubtrainer:At iteration 19529/47300/47300, mean rms=0.424%, delta=0.513%, BCER train=0.862%, BWER train=2.914%, skip ratio=0.000%,
UpdateSubtrainer:At iteration 19554/47400/47400, mean rms=0.431%, delta=0.528%, BCER train=0.876%, BWER train=2.943%, skip ratio=0.000%,
UpdateSubtrainer:At iteration 19581/47500/47500, mean rms=0.429%, delta=0.515%, BCER train=0.898%, BWER train=3.022%, skip ratio=0.000%,
UpdateSubtrainer:At iteration 19614/47600/47600, mean rms=0.430%, delta=0.505%, BCER train=0.911%, BWER train=3.096%, skip ratio=0.000%,
UpdateSubtrainer:At iteration 19645/47700/47700, mean rms=0.436%, delta=0.527%, BCER train=0.977%, BWER train=3.236%, skip ratio=0.000%,
UpdateSubtrainer:At iteration 19669/47800/47800, mean rms=0.437%, delta=0.522%, BCER train=0.983%, BWER train=3.286%, skip ratio=0.000%,
UpdateSubtrainer:At iteration 19704/47900/47900, mean rms=0.438%, delta=0.528%, BCER train=0.974%, BWER train=3.321%, skip ratio=0.000%,
UpdateSubtrainer:At iteration 19734/48000/48000, mean rms=0.442%, delta=0.535%, BCER train=0.998%, BWER train=3.303%, skip ratio=0.000%,
UpdateSubtrainer:At iteration 19763/48100/48100, mean rms=0.432%, delta=0.499%, BCER train=0.962%, BWER train=3.265%, skip ratio=0.000%,
UpdateSubtrainer:At iteration 19792/48200/48200, mean rms=0.430%, delta=0.491%, BCER train=0.977%, BWER train=3.436%, skip ratio=0.000%,
UpdateSubtrainer:At iteration 19823/48300/48300, mean rms=0.444%, delta=0.529%, BCER train=1.017%, BWER train=3.549%, skip ratio=0.000%,
UpdateSubtrainer:At iteration 19850/48400/48400, mean rms=0.444%, delta=0.530%, BCER train=1.049%, BWER train=3.547%, skip ratio=0.000%,
UpdateSubtrainer:At iteration 19871/48500/48500, mean rms=0.434%, delta=0.502%, BCER train=0.974%, BWER train=3.315%, skip ratio=0.000%,
UpdateSubtrainer:At iteration 19899/48600/48600, mean rms=0.434%, delta=0.530%, BCER train=0.973%, BWER train=3.348%, skip ratio=0.000%,
UpdateSubtrainer:At iteration 19924/48700/48700, mean rms=0.431%, delta=0.517%, BCER train=0.955%, BWER train=3.271%, skip ratio=0.000%,
UpdateSubtrainer:At iteration 19956/48800/48800, mean rms=0.433%, delta=0.545%, BCER train=0.966%, BWER train=3.297%, skip ratio=0.000%,
UpdateSubtrainer:At iteration 19986/48900/48900, mean rms=0.416%, delta=0.488%, BCER train=0.908%, BWER train=3.119%, skip ratio=0.000%,
UpdateSubtrainer:At iteration 20020/49000/49000, mean rms=0.417%, delta=0.493%, BCER train=0.919%, BWER train=3.151%, skip ratio=0.000%,
UpdateSubtrainer:At iteration 20041/49100/49100, mean rms=0.406%, delta=0.465%, BCER train=0.856%, BWER train=3.054%, skip ratio=0.000%,
UpdateSubtrainer:At iteration 20069/49200/49200, mean rms=0.413%, delta=0.491%, BCER train=0.872%, BWER train=2.935%, skip ratio=0.000%,
UpdateSubtrainer:At iteration 20090/49300/49300, mean rms=0.400%, delta=0.464%, BCER train=0.854%, BWER train=2.839%, skip ratio=0.000%,
UpdateSubtrainer:At iteration 20117/49400/49400, mean rms=0.406%, delta=0.504%, BCER train=0.870%, BWER train=2.936%, skip ratio=0.000%,
UpdateSubtrainer:At iteration 20151/49500/49500, mean rms=0.418%, delta=0.528%, BCER train=0.936%, BWER train=3.199%, skip ratio=0.000%,
UpdateSubtrainer:At iteration 20189/49600/49600, mean rms=0.420%, delta=0.502%, BCER train=0.960%, BWER train=3.229%, skip ratio=0.000%,
UpdateSubtrainer:At iteration 20225/49700/49700, mean rms=0.427%, delta=0.512%, BCER train=0.969%, BWER train=3.291%, skip ratio=0.000%,
UpdateSubtrainer:At iteration 20258/49800/49800, mean rms=0.433%, delta=0.507%, BCER train=1.035%, BWER train=3.545%, skip ratio=0.000%,
UpdateSubtrainer:At iteration 20289/49900/49900, mean rms=0.437%, delta=0.538%, BCER train=1.030%, BWER train=3.601%, skip ratio=0.000%,
UpdateSubtrainer:At iteration 20321/50000/50000, mean rms=0.441%, delta=0.548%, BCER train=1.012%, BWER train=3.571%, skip ratio=0.000%,
UpdateSubtrainer:At iteration 20356/50100/50100, mean rms=0.451%, delta=0.562%, BCER train=1.085%, BWER train=3.717%, skip ratio=0.000%,
At iteration 29410/80600/80600, mean rms=0.470%, delta=0.636%, BCER train=1.083%, BWER train=3.504%, skip ratio=0.000%, Trial sub_trainer_ from iteration 46800
Reduced learning rate on layers: 5
 sub_trainer=0.797 margin=35.885
At iteration 19426/46900/46900, mean rms=0.422%, delta=0.478%, BCER train=0.865%, BWER train=3.006%, skip ratio=0.000%,
At iteration 19452/47000/47000, mean rms=0.422%, delta=0.475%, BCER train=0.855%, BWER train=3.082%, skip ratio=0.000%,
At iteration 19485/47100/47100, mean rms=0.427%, delta=0.515%, BCER train=0.878%, BWER train=2.909%, skip ratio=0.000%,
At iteration 19507/47200/47200, mean rms=0.430%, delta=0.530%, BCER train=0.886%, BWER train=2.940%, skip ratio=0.000%,
At iteration 19529/47300/47300, mean rms=0.424%, delta=0.513%, BCER train=0.862%, BWER train=2.914%, skip ratio=0.000%,
At iteration 19554/47400/47400, mean rms=0.431%, delta=0.528%, BCER train=0.876%, BWER train=2.943%, skip ratio=0.000%,
At iteration 19581/47500/47500, mean rms=0.429%, delta=0.515%, BCER train=0.898%, BWER train=3.022%, skip ratio=0.000%,
At iteration 19614/47600/47600, mean rms=0.430%, delta=0.505%, BCER train=0.911%, BWER train=3.096%, skip ratio=0.000%,
At iteration 19645/47700/47700, mean rms=0.436%, delta=0.527%, BCER train=0.977%, BWER train=3.236%, skip ratio=0.000%,
At iteration 19669/47800/47800, mean rms=0.437%, delta=0.522%, BCER train=0.983%, BWER train=3.286%, skip ratio=0.000%,
At iteration 19704/47900/47900, mean rms=0.438%, delta=0.528%, BCER train=0.974%, BWER train=3.321%, skip ratio=0.000%,
At iteration 19734/48000/48000, mean rms=0.442%, delta=0.535%, BCER train=0.998%, BWER train=3.303%, skip ratio=0.000%,
At iteration 19763/48100/48100, mean rms=0.432%, delta=0.499%, BCER train=0.962%, BWER train=3.265%, skip ratio=0.000%,
At iteration 19792/48200/48200, mean rms=0.430%, delta=0.491%, BCER train=0.977%, BWER train=3.436%, skip ratio=0.000%,
At iteration 19823/48300/48300, mean rms=0.444%, delta=0.529%, BCER train=1.017%, BWER train=3.549%, skip ratio=0.000%,
At iteration 19850/48400/48400, mean rms=0.444%, delta=0.530%, BCER train=1.049%, BWER train=3.547%, skip ratio=0.000%,
At iteration 19871/48500/48500, mean rms=0.434%, delta=0.502%, BCER train=0.974%, BWER train=3.315%, skip ratio=0.000%,
At iteration 19899/48600/48600, mean rms=0.434%, delta=0.530%, BCER train=0.973%, BWER train=3.348%, skip ratio=0.000%,
At iteration 19924/48700/48700, mean rms=0.431%, delta=0.517%, BCER train=0.955%, BWER train=3.271%, skip ratio=0.000%,
At iteration 19956/48800/48800, mean rms=0.433%, delta=0.545%, BCER train=0.966%, BWER train=3.297%, skip ratio=0.000%,
At iteration 19986/48900/48900, mean rms=0.416%, delta=0.488%, BCER train=0.908%, BWER train=3.119%, skip ratio=0.000%,
At iteration 20020/49000/49000, mean rms=0.417%, delta=0.493%, BCER train=0.919%, BWER train=3.151%, skip ratio=0.000%,
At iteration 20041/49100/49100, mean rms=0.406%, delta=0.465%, BCER train=0.856%, BWER train=3.054%, skip ratio=0.000%,
At iteration 20069/49200/49200, mean rms=0.413%, delta=0.491%, BCER train=0.872%, BWER train=2.935%, skip ratio=0.000%,
At iteration 20090/49300/49300, mean rms=0.400%, delta=0.464%, BCER train=0.854%, BWER train=2.839%, skip ratio=0.000%,
At iteration 20117/49400/49400, mean rms=0.406%, delta=0.504%, BCER train=0.870%, BWER train=2.936%, skip ratio=0.000%,
At iteration 20151/49500/49500, mean rms=0.418%, delta=0.528%, BCER train=0.936%, BWER train=3.199%, skip ratio=0.000%,
At iteration 20189/49600/49600, mean rms=0.420%, delta=0.502%, BCER train=0.960%, BWER train=3.229%, skip ratio=0.000%,
At iteration 20225/49700/49700, mean rms=0.427%, delta=0.512%, BCER train=0.969%, BWER train=3.291%, skip ratio=0.000%,
At iteration 20258/49800/49800, mean rms=0.433%, delta=0.507%, BCER train=1.035%, BWER train=3.545%, skip ratio=0.000%,
At iteration 20289/49900/49900, mean rms=0.437%, delta=0.538%, BCER train=1.030%, BWER train=3.601%, skip ratio=0.000%,
At iteration 20321/50000/50000, mean rms=0.441%, delta=0.548%, BCER train=1.012%, BWER train=3.571%, skip ratio=0.000%,
At iteration 20356/50100/50100, mean rms=0.451%, delta=0.562%, BCER train=1.085%, BWER train=3.717%, skip ratio=0.000%,
 wrote checkpoint.
UpdateSubtrainer:At iteration 20380/50200/50200, mean rms=0.444%, delta=0.540%, BCER train=1.064%, BWER train=3.735%, skip ratio=0.000%,
UpdateSubtrainer:At iteration 20411/50300/50300, mean rms=0.455%, delta=0.570%, BCER train=1.088%, BWER train=3.900%, skip ratio=0.000%,
UpdateSubtrainer:At iteration 20440/50400/50400, mean rms=0.450%, delta=0.534%, BCER train=1.049%, BWER train=3.826%, skip ratio=0.000%,
UpdateSubtrainer:At iteration 20471/50500/50500, mean rms=0.450%, delta=0.540%, BCER train=1.024%, BWER train=3.743%, skip ratio=0.000%,
UpdateSubtrainer:At iteration 20494/50600/50600, mean rms=0.436%, delta=0.512%, BCER train=0.957%, BWER train=3.574%, skip ratio=0.000%,
UpdateSubtrainer:At iteration 20524/50700/50700, mean rms=0.440%, delta=0.541%, BCER train=0.956%, BWER train=3.537%, skip ratio=0.000%,
UpdateSubtrainer:At iteration 20551/50800/50800, mean rms=0.441%, delta=0.568%, BCER train=0.947%, BWER train=3.493%, skip ratio=0.000%,
UpdateSubtrainer:At iteration 20590/50900/50900, mean rms=0.458%, delta=0.590%, BCER train=1.017%, BWER train=3.609%, skip ratio=0.000%,
UpdateSubtrainer:At iteration 20623/51000/51000, mean rms=0.454%, delta=0.575%, BCER train=1.010%, BWER train=3.679%, skip ratio=0.000%,
UpdateSubtrainer:At iteration 20650/51100/51100, mean rms=0.450%, delta=0.578%, BCER train=0.995%, BWER train=3.607%, skip ratio=0.000%,
UpdateSubtrainer:At iteration 20681/51200/51200, mean rms=0.454%, delta=0.589%, BCER train=1.016%, BWER train=3.611%, skip ratio=0.000%,
UpdateSubtrainer:At iteration 20729/51300/51300, mean rms=0.460%, delta=0.585%, BCER train=1.042%, BWER train=3.714%, skip ratio=0.000%,
UpdateSubtrainer:At iteration 20765/51400/51400, mean rms=0.472%, delta=0.614%, BCER train=1.128%, BWER train=3.863%, skip ratio=0.000%,
At iteration 29441/80700/80700, mean rms=0.472%, delta=0.643%, BCER train=1.120%, BWER train=3.551%, skip ratio=0.000%, sub_trainer=1.085 margin=3.226
At iteration 20380/50200/50200, mean rms=0.444%, delta=0.540%, BCER train=1.064%, BWER train=3.735%, skip ratio=0.000%,
At iteration 20411/50300/50300, mean rms=0.455%, delta=0.570%, BCER train=1.088%, BWER train=3.900%, skip ratio=0.000%,
At iteration 20440/50400/50400, mean rms=0.450%, delta=0.534%, BCER train=1.049%, BWER train=3.826%, skip ratio=0.000%,
At iteration 20471/50500/50500, mean rms=0.450%, delta=0.540%, BCER train=1.024%, BWER train=3.743%, skip ratio=0.000%,
At iteration 20494/50600/50600, mean rms=0.436%, delta=0.512%, BCER train=0.957%, BWER train=3.574%, skip ratio=0.000%,
At iteration 20524/50700/50700, mean rms=0.440%, delta=0.541%, BCER train=0.956%, BWER train=3.537%, skip ratio=0.000%,
At iteration 20551/50800/50800, mean rms=0.441%, delta=0.568%, BCER train=0.947%, BWER train=3.493%, skip ratio=0.000%,
At iteration 20590/50900/50900, mean rms=0.458%, delta=0.590%, BCER train=1.017%, BWER train=3.609%, skip ratio=0.000%,
At iteration 20623/51000/51000, mean rms=0.454%, delta=0.575%, BCER train=1.010%, BWER train=3.679%, skip ratio=0.000%,
At iteration 20650/51100/51100, mean rms=0.450%, delta=0.578%, BCER train=0.995%, BWER train=3.607%, skip ratio=0.000%,
At iteration 20681/51200/51200, mean rms=0.454%, delta=0.589%, BCER train=1.016%, BWER train=3.611%, skip ratio=0.000%,
At iteration 20729/51300/51300, mean rms=0.460%, delta=0.585%, BCER train=1.042%, BWER train=3.714%, skip ratio=0.000%,
At iteration 20765/51400/51400, mean rms=0.472%, delta=0.614%, BCER train=1.128%, BWER train=3.863%, skip ratio=0.000%,
 wrote checkpoint.
UpdateSubtrainer:At iteration 20794/51500/51500, mean rms=0.479%, delta=0.645%, BCER train=1.163%, BWER train=3.908%, skip ratio=0.000%,
UpdateSubtrainer:At iteration 20822/51600/51600, mean rms=0.488%, delta=0.663%, BCER train=1.203%, BWER train=4.011%, skip ratio=0.000%,
UpdateSubtrainer:At iteration 20852/51700/51700, mean rms=0.492%, delta=0.701%, BCER train=1.305%, BWER train=4.171%, skip ratio=0.000%,
At iteration 29480/80800/80800, mean rms=0.487%, delta=0.686%, BCER train=1.235%, BWER train=3.688%, skip ratio=0.000%, sub_trainer=1.128 margin=9.486
At iteration 20794/51500/51500, mean rms=0.479%, delta=0.645%, BCER train=1.163%, BWER train=3.908%, skip ratio=0.000%,
At iteration 20822/51600/51600, mean rms=0.488%, delta=0.663%, BCER train=1.203%, BWER train=4.011%, skip ratio=0.000%,
At iteration 20852/51700/51700, mean rms=0.492%, delta=0.701%, BCER train=1.305%, BWER train=4.171%, skip ratio=0.000%,
 wrote checkpoint.
At iteration 29513/80900/80900, mean rms=0.487%, delta=0.686%, BCER train=1.251%, BWER train=3.762%, skip ratio=0.000%, wrote checkpoint.
At iteration 29547/81000/81000, mean rms=0.495%, delta=0.701%, BCER train=1.254%, BWER train=3.877%, skip ratio=0.000%, wrote checkpoint.
At iteration 29576/81100/81100, mean rms=0.498%, delta=0.728%, BCER train=1.258%, BWER train=3.781%, skip ratio=0.000%, wrote checkpoint.
At iteration 29609/81200/81200, mean rms=0.497%, delta=0.747%, BCER train=1.269%, BWER train=3.693%, skip ratio=0.000%, wrote checkpoint.
At iteration 29633/81300/81300, mean rms=0.490%, delta=0.736%, BCER train=1.236%, BWER train=3.572%, skip ratio=0.000%, wrote checkpoint.
At iteration 29654/81400/81400, mean rms=0.477%, delta=0.691%, BCER train=1.213%, BWER train=3.575%, skip ratio=0.000%, wrote checkpoint.
At iteration 29689/81500/81500, mean rms=0.477%, delta=0.680%, BCER train=1.171%, BWER train=3.540%, skip ratio=0.000%, wrote checkpoint.
At iteration 29728/81600/81600, mean rms=0.483%, delta=0.702%, BCER train=1.181%, BWER train=3.619%, skip ratio=0.000%, wrote checkpoint.
At iteration 29755/81700/81700, mean rms=0.476%, delta=0.672%, BCER train=1.137%, BWER train=3.554%, skip ratio=0.000%, wrote checkpoint.
At iteration 29789/81800/81800, mean rms=0.463%, delta=0.616%, BCER train=1.042%, BWER train=3.430%, skip ratio=0.000%, wrote checkpoint.
At iteration 29818/81900/81900, mean rms=0.462%, delta=0.640%, BCER train=1.035%, BWER train=3.271%, skip ratio=0.000%, wrote checkpoint.
At iteration 29859/82000/82000, mean rms=0.480%, delta=0.703%, BCER train=1.153%, BWER train=3.330%, skip ratio=0.000%, wrote checkpoint.
At iteration 29887/82100/82100, mean rms=0.479%, delta=0.678%, BCER train=1.135%, BWER train=3.377%, skip ratio=0.000%, wrote checkpoint.
At iteration 29919/82200/82200, mean rms=0.480%, delta=0.664%, BCER train=1.158%, BWER train=3.297%, skip ratio=0.000%, wrote checkpoint.
At iteration 29951/82300/82300, mean rms=0.491%, delta=0.700%, BCER train=1.238%, BWER train=3.330%, skip ratio=0.000%, wrote checkpoint.
At iteration 29979/82400/82400, mean rms=0.503%, delta=0.748%, BCER train=1.255%, BWER train=3.337%, skip ratio=0.000%, wrote checkpoint.
At iteration 30017/82500/82500, mean rms=0.514%, delta=0.785%, BCER train=1.285%, BWER train=3.346%, skip ratio=0.000%, wrote checkpoint.
At iteration 30048/82600/82600, mean rms=0.502%, delta=0.739%, BCER train=1.236%, BWER train=3.172%, skip ratio=0.000%, wrote checkpoint.
At iteration 30073/82700/82700, mean rms=0.499%, delta=0.735%, BCER train=1.245%, BWER train=3.210%, skip ratio=0.000%, wrote checkpoint.
At iteration 30098/82800/82800, mean rms=0.497%, delta=0.747%, BCER train=1.214%, BWER train=3.112%, skip ratio=0.000%, wrote checkpoint.
At iteration 30132/82900/82900, mean rms=0.492%, delta=0.710%, BCER train=1.225%, BWER train=3.263%, skip ratio=0.000%, wrote checkpoint.
At iteration 30164/83000/83000, mean rms=0.475%, delta=0.652%, BCER train=1.135%, BWER train=3.271%, skip ratio=0.000%, wrote checkpoint.
At iteration 30197/83100/83100, mean rms=0.478%, delta=0.674%, BCER train=1.173%, BWER train=3.256%, skip ratio=0.000%, wrote checkpoint.
At iteration 30235/83200/83200, mean rms=0.490%, delta=0.707%, BCER train=1.207%, BWER train=3.447%, skip ratio=0.000%, wrote checkpoint.
At iteration 30270/83300/83300, mean rms=0.498%, delta=0.714%, BCER train=1.216%, BWER train=3.536%, skip ratio=0.000%, wrote checkpoint.
At iteration 30306/83400/83400, mean rms=0.506%, delta=0.728%, BCER train=1.230%, BWER train=3.740%, skip ratio=0.000%, wrote checkpoint.
At iteration 30334/83500/83500, mean rms=0.496%, delta=0.693%, BCER train=1.202%, BWER train=3.695%, skip ratio=0.000%, wrote checkpoint.
At iteration 30371/83600/83600, mean rms=0.498%, delta=0.689%, BCER train=1.181%, BWER train=3.769%, skip ratio=0.000%, wrote checkpoint.
At iteration 30405/83700/83700, mean rms=0.509%, delta=0.721%, BCER train=1.200%, BWER train=3.798%, skip ratio=0.000%, wrote checkpoint.
At iteration 30431/83800/83800, mean rms=0.507%, delta=0.729%, BCER train=1.215%, BWER train=3.802%, skip ratio=0.000%, wrote checkpoint.
At iteration 30464/83900/83900, mean rms=0.517%, delta=0.757%, BCER train=1.238%, BWER train=3.841%, skip ratio=0.000%, wrote checkpoint.
At iteration 30498/84000/84000, mean rms=0.523%, delta=0.794%, BCER train=1.292%, BWER train=3.838%, skip ratio=0.000%, wrote checkpoint.
At iteration 30531/84100/84100, mean rms=0.531%, delta=0.807%, BCER train=1.270%, BWER train=3.840%, skip ratio=0.000%, wrote checkpoint.
At iteration 30569/84200/84200, mean rms=0.530%, delta=0.817%, BCER train=1.243%, BWER train=3.786%, skip ratio=0.000%, wrote checkpoint.
At iteration 30605/84300/84300, mean rms=0.528%, delta=0.808%, BCER train=1.272%, BWER train=3.886%, skip ratio=0.000%, wrote checkpoint.
At iteration 30635/84400/84400, mean rms=0.522%, delta=0.781%, BCER train=1.253%, BWER train=3.682%, skip ratio=0.000%, wrote checkpoint.
UpdateSubtrainer:At iteration 20880/51800/51800, mean rms=0.483%, delta=0.658%, BCER train=1.249%, BWER train=3.916%, skip ratio=0.000%,
UpdateSubtrainer:At iteration 20916/51900/51900, mean rms=0.474%, delta=0.651%, BCER train=1.199%, BWER train=3.906%, skip ratio=0.000%,
UpdateSubtrainer:At iteration 20941/52000/52000, mean rms=0.470%, delta=0.653%, BCER train=1.193%, BWER train=3.861%, skip ratio=0.000%,
UpdateSubtrainer:At iteration 20969/52100/52100, mean rms=0.476%, delta=0.671%, BCER train=1.202%, BWER train=3.920%, skip ratio=0.000%,
UpdateSubtrainer:At iteration 21002/52200/52200, mean rms=0.476%, delta=0.648%, BCER train=1.192%, BWER train=3.886%, skip ratio=0.000%,
UpdateSubtrainer:At iteration 21030/52300/52300, mean rms=0.465%, delta=0.651%, BCER train=1.252%, BWER train=3.781%, skip ratio=0.000%,
UpdateSubtrainer:At iteration 21063/52400/52400, mean rms=0.456%, delta=0.623%, BCER train=1.167%, BWER train=3.675%, skip ratio=0.000%,
UpdateSubtrainer:At iteration 21090/52500/52500, mean rms=0.449%, delta=0.614%, BCER train=1.186%, BWER train=3.570%, skip ratio=0.000%,
UpdateSubtrainer:At iteration 21111/52600/52600, mean rms=0.440%, delta=0.597%, BCER train=1.171%, BWER train=3.451%, skip ratio=0.000%,
UpdateSubtrainer:At iteration 21138/52700/52700, mean rms=0.429%, delta=0.535%, BCER train=1.057%, BWER train=3.228%, skip ratio=0.000%,
UpdateSubtrainer:At iteration 21168/52800/52800, mean rms=0.431%, delta=0.538%, BCER train=1.082%, BWER train=3.376%, skip ratio=0.000%,
UpdateSubtrainer:At iteration 21197/52900/52900, mean rms=0.420%, delta=0.497%, BCER train=1.047%, BWER train=3.231%, skip ratio=0.000%,
UpdateSubtrainer:At iteration 21230/53000/53000, mean rms=0.427%, delta=0.523%, BCER train=1.064%, BWER train=3.288%, skip ratio=0.000%,
UpdateSubtrainer:At iteration 21271/53100/53100, mean rms=0.433%, delta=0.541%, BCER train=1.110%, BWER train=3.295%, skip ratio=0.000%,
UpdateSubtrainer:At iteration 21299/53200/53200, mean rms=0.430%, delta=0.556%, BCER train=1.079%, BWER train=3.251%, skip ratio=0.000%,
UpdateSubtrainer:At iteration 21330/53300/53300, mean rms=0.431%, delta=0.541%, BCER train=0.994%, BWER train=3.152%, skip ratio=0.000%,
UpdateSubtrainer:At iteration 21357/53400/53400, mean rms=0.428%, delta=0.549%, BCER train=0.990%, BWER train=3.135%, skip ratio=0.000%,
UpdateSubtrainer:At iteration 21380/53500/53500, mean rms=0.421%, delta=0.529%, BCER train=0.965%, BWER train=3.079%, skip ratio=0.000%,
UpdateSubtrainer:At iteration 21413/53600/53600, mean rms=0.434%, delta=0.564%, BCER train=1.024%, BWER train=3.230%, skip ratio=0.000%,
UpdateSubtrainer:At iteration 21445/53700/53700, mean rms=0.435%, delta=0.554%, BCER train=1.032%, BWER train=3.328%, skip ratio=0.000%,
UpdateSubtrainer:At iteration 21482/53800/53800, mean rms=0.444%, delta=0.591%, BCER train=1.027%, BWER train=3.309%, skip ratio=0.000%,
UpdateSubtrainer:At iteration 21514/53900/53900, mean rms=0.448%, delta=0.598%, BCER train=1.016%, BWER train=3.241%, skip ratio=0.000%,
UpdateSubtrainer:At iteration 21540/54000/54000, mean rms=0.442%, delta=0.581%, BCER train=1.024%, BWER train=3.306%, skip ratio=0.000%,
UpdateSubtrainer:At iteration 21571/54100/54100, mean rms=0.435%, delta=0.562%, BCER train=0.955%, BWER train=3.252%, skip ratio=0.000%,
UpdateSubtrainer:At iteration 21607/54200/54200, mean rms=0.441%, delta=0.560%, BCER train=0.993%, BWER train=3.274%, skip ratio=0.000%,
UpdateSubtrainer:At iteration 21633/54300/54300, mean rms=0.433%, delta=0.543%, BCER train=0.947%, BWER train=3.201%, skip ratio=0.000%,
UpdateSubtrainer:At iteration 21663/54400/54400, mean rms=0.441%, delta=0.557%, BCER train=1.015%, BWER train=3.277%, skip ratio=0.000%,
UpdateSubtrainer:At iteration 21688/54500/54500, mean rms=0.441%, delta=0.549%, BCER train=0.972%, BWER train=3.321%, skip ratio=0.000%,
UpdateSubtrainer:At iteration 21720/54600/54600, mean rms=0.437%, delta=0.531%, BCER train=0.932%, BWER train=3.323%, skip ratio=0.000%,
UpdateSubtrainer:At iteration 21748/54700/54700, mean rms=0.438%, delta=0.547%, BCER train=0.950%, BWER train=3.246%, skip ratio=0.000%,
UpdateSubtrainer:At iteration 21774/54800/54800, mean rms=0.428%, delta=0.508%, BCER train=0.926%, BWER train=3.170%, skip ratio=0.000%,
UpdateSubtrainer:At iteration 21804/54900/54900, mean rms=0.425%, delta=0.500%, BCER train=0.937%, BWER train=3.312%, skip ratio=0.000%,
UpdateSubtrainer:At iteration 21828/55000/55000, mean rms=0.420%, delta=0.481%, BCER train=0.889%, BWER train=3.118%, skip ratio=0.000%,
UpdateSubtrainer:At iteration 21849/55100/55100, mean rms=0.410%, delta=0.456%, BCER train=0.863%, BWER train=3.032%, skip ratio=0.000%,
UpdateSubtrainer:At iteration 21880/55200/55200, mean rms=0.409%, delta=0.470%, BCER train=0.902%, BWER train=3.225%, skip ratio=0.000%,
UpdateSubtrainer:At iteration 21904/55300/55300, mean rms=0.407%, delta=0.464%, BCER train=0.897%, BWER train=3.193%, skip ratio=0.000%,
UpdateSubtrainer:At iteration 21937/55400/55400, mean rms=0.410%, delta=0.485%, BCER train=0.881%, BWER train=3.137%, skip ratio=0.000%,
UpdateSubtrainer:At iteration 21966/55500/55500, mean rms=0.412%, delta=0.478%, BCER train=0.894%, BWER train=3.133%, skip ratio=0.000%,
UpdateSubtrainer:At iteration 21998/55600/55600, mean rms=0.419%, delta=0.495%, BCER train=0.929%, BWER train=3.154%, skip ratio=0.000%,
UpdateSubtrainer:At iteration 22030/55700/55700, mean rms=0.415%, delta=0.470%, BCER train=0.889%, BWER train=3.174%, skip ratio=0.000%,
UpdateSubtrainer:At iteration 22055/55800/55800, mean rms=0.413%, delta=0.482%, BCER train=0.910%, BWER train=3.254%, skip ratio=0.000%,
UpdateSubtrainer:At iteration 22079/55900/55900, mean rms=0.415%, delta=0.492%, BCER train=0.907%, BWER train=3.140%, skip ratio=0.000%,
UpdateSubtrainer:At iteration 22102/56000/56000, mean rms=0.413%, delta=0.486%, BCER train=0.898%, BWER train=3.121%, skip ratio=0.000%,
UpdateSubtrainer:At iteration 22129/56100/56100, mean rms=0.413%, delta=0.483%, BCER train=0.900%, BWER train=3.208%, skip ratio=0.000%,
UpdateSubtrainer:At iteration 22159/56200/56200, mean rms=0.408%, delta=0.462%, BCER train=0.829%, BWER train=3.041%, skip ratio=0.000%,
UpdateSubtrainer:At iteration 22192/56300/56300, mean rms=0.418%, delta=0.481%, BCER train=0.881%, BWER train=3.181%, skip ratio=0.000%,
UpdateSubtrainer:At iteration 22226/56400/56400, mean rms=0.414%, delta=0.449%, BCER train=0.880%, BWER train=3.225%, skip ratio=0.000%,
UpdateSubtrainer:At iteration 22262/56500/56500, mean rms=0.423%, delta=0.477%, BCER train=0.908%, BWER train=3.308%, skip ratio=0.000%,
UpdateSubtrainer:At iteration 22294/56600/56600, mean rms=0.416%, delta=0.463%, BCER train=0.868%, BWER train=3.275%, skip ratio=0.000%,
UpdateSubtrainer:At iteration 22318/56700/56700, mean rms=0.410%, delta=0.460%, BCER train=0.859%, BWER train=3.244%, skip ratio=0.000%,
UpdateSubtrainer:At iteration 22349/56800/56800, mean rms=0.415%, delta=0.461%, BCER train=0.856%, BWER train=3.167%, skip ratio=0.000%,
UpdateSubtrainer:At iteration 22379/56900/56900, mean rms=0.422%, delta=0.496%, BCER train=0.934%, BWER train=3.237%, skip ratio=0.000%,
UpdateSubtrainer:At iteration 22412/57000/57000, mean rms=0.442%, delta=0.576%, BCER train=1.034%, BWER train=3.487%, skip ratio=0.000%,
UpdateSubtrainer:At iteration 22448/57100/57100, mean rms=0.456%, delta=0.605%, BCER train=1.072%, BWER train=3.676%, skip ratio=0.000%,
UpdateSubtrainer:At iteration 22473/57200/57200, mean rms=0.456%, delta=0.616%, BCER train=1.071%, BWER train=3.556%, skip ratio=0.000%,
UpdateSubtrainer:At iteration 22501/57300/57300, mean rms=0.452%, delta=0.600%, BCER train=1.042%, BWER train=3.589%, skip ratio=0.000%,
UpdateSubtrainer:At iteration 22522/57400/57400, mean rms=0.440%, delta=0.573%, BCER train=0.966%, BWER train=3.471%, skip ratio=0.000%,
UpdateSubtrainer:At iteration 22557/57500/57500, mean rms=0.448%, delta=0.608%, BCER train=0.966%, BWER train=3.453%, skip ratio=0.000%,
UpdateSubtrainer:At iteration 22578/57600/57600, mean rms=0.437%, delta=0.581%, BCER train=0.939%, BWER train=3.351%, skip ratio=0.000%,
UpdateSubtrainer:At iteration 22619/57700/57700, mean rms=0.455%, delta=0.629%, BCER train=1.028%, BWER train=3.587%, skip ratio=0.000%,
UpdateSubtrainer:At iteration 22649/57800/57800, mean rms=0.453%, delta=0.621%, BCER train=1.049%, BWER train=3.637%, skip ratio=0.000%,
UpdateSubtrainer:At iteration 22677/57900/57900, mean rms=0.436%, delta=0.560%, BCER train=0.941%, BWER train=3.615%, skip ratio=0.000%,
UpdateSubtrainer:At iteration 22701/58000/58000, mean rms=0.423%, delta=0.512%, BCER train=0.867%, BWER train=3.364%, skip ratio=0.000%,
UpdateSubtrainer:At iteration 22729/58100/58100, mean rms=0.421%, delta=0.530%, BCER train=0.852%, BWER train=3.191%, skip ratio=0.000%,
UpdateSubtrainer:At iteration 22754/58200/58200, mean rms=0.419%, delta=0.519%, BCER train=0.831%, BWER train=3.212%, skip ratio=0.000%,
UpdateSubtrainer:At iteration 22787/58300/58300, mean rms=0.426%, delta=0.551%, BCER train=0.882%, BWER train=3.236%, skip ratio=0.000%,
UpdateSubtrainer:At iteration 22815/58400/58400, mean rms=0.429%, delta=0.563%, BCER train=0.916%, BWER train=3.305%, skip ratio=0.000%,
UpdateSubtrainer:At iteration 22836/58500/58500, mean rms=0.409%, delta=0.506%, BCER train=0.858%, BWER train=3.146%, skip ratio=0.000%,
UpdateSubtrainer:At iteration 22866/58600/58600, mean rms=0.424%, delta=0.547%, BCER train=0.879%, BWER train=3.246%, skip ratio=0.000%,
UpdateSubtrainer:At iteration 22897/58700/58700, mean rms=0.418%, delta=0.529%, BCER train=0.804%, BWER train=3.062%, skip ratio=0.000%,
UpdateSubtrainer:At iteration 22924/58800/58800, mean rms=0.427%, delta=0.560%, BCER train=0.782%, BWER train=3.093%, skip ratio=0.000%,
UpdateSubtrainer:At iteration 22958/58900/58900, mean rms=0.451%, delta=0.654%, BCER train=0.890%, BWER train=3.187%, skip ratio=0.000%,
UpdateSubtrainer:At iteration 22982/59000/59000, mean rms=0.444%, delta=0.617%, BCER train=0.885%, BWER train=3.221%, skip ratio=0.000%,
UpdateSubtrainer:At iteration 23016/59100/59100, mean rms=0.442%, delta=0.599%, BCER train=0.896%, BWER train=3.201%, skip ratio=0.000%,
UpdateSubtrainer:At iteration 23039/59200/59200, mean rms=0.442%, delta=0.600%, BCER train=0.902%, BWER train=3.186%, skip ratio=0.000%,
UpdateSubtrainer:At iteration 23069/59300/59300, mean rms=0.435%, delta=0.576%, BCER train=0.833%, BWER train=3.027%, skip ratio=0.000%,
UpdateSubtrainer:At iteration 23097/59400/59400, mean rms=0.440%, delta=0.589%, BCER train=0.837%, BWER train=2.931%, skip ratio=0.000%,
UpdateSubtrainer:At iteration 23126/59500/59500, mean rms=0.452%, delta=0.627%, BCER train=0.924%, BWER train=3.160%, skip ratio=0.000%,
UpdateSubtrainer:At iteration 23154/59600/59600, mean rms=0.446%, delta=0.613%, BCER train=0.928%, BWER train=3.054%, skip ratio=0.000%,
UpdateSubtrainer:At iteration 23184/59700/59700, mean rms=0.446%, delta=0.619%, BCER train=0.992%, BWER train=3.074%, skip ratio=0.000%,
UpdateSubtrainer:At iteration 23214/59800/59800, mean rms=0.439%, delta=0.600%, BCER train=1.051%, BWER train=3.018%, skip ratio=0.000%,
UpdateSubtrainer:At iteration 23237/59900/59900, mean rms=0.414%, delta=0.502%, BCER train=0.947%, BWER train=2.853%, skip ratio=0.000%,
UpdateSubtrainer:At iteration 23268/60000/60000, mean rms=0.428%, delta=0.557%, BCER train=0.968%, BWER train=2.893%, skip ratio=0.000%,
UpdateSubtrainer:At iteration 23292/60100/60100, mean rms=0.417%, delta=0.529%, BCER train=0.925%, BWER train=2.776%, skip ratio=0.000%,
UpdateSubtrainer:At iteration 23322/60200/60200, mean rms=0.424%, delta=0.554%, BCER train=0.966%, BWER train=2.839%, skip ratio=0.000%,
UpdateSubtrainer:At iteration 23343/60300/60300, mean rms=0.422%, delta=0.553%, BCER train=0.964%, BWER train=2.811%, skip ratio=0.000%,
UpdateSubtrainer:At iteration 23372/60400/60400, mean rms=0.424%, delta=0.551%, BCER train=0.997%, BWER train=2.877%, skip ratio=0.000%,
UpdateSubtrainer:At iteration 23396/60500/60500, mean rms=0.419%, delta=0.530%, BCER train=1.048%, BWER train=2.910%, skip ratio=0.000%,
UpdateSubtrainer:At iteration 23432/60600/60600, mean rms=0.420%, delta=0.524%, BCER train=1.063%, BWER train=2.943%, skip ratio=0.000%,
UpdateSubtrainer:At iteration 23465/60700/60700, mean rms=0.418%, delta=0.512%, BCER train=1.009%, BWER train=2.887%, skip ratio=0.000%,
UpdateSubtrainer:At iteration 23494/60800/60800, mean rms=0.408%, delta=0.475%, BCER train=0.925%, BWER train=2.797%, skip ratio=0.000%,
UpdateSubtrainer:At iteration 23527/60900/60900, mean rms=0.420%, delta=0.514%, BCER train=0.998%, BWER train=2.888%, skip ratio=0.000%,
UpdateSubtrainer:At iteration 23553/61000/61000, mean rms=0.407%, delta=0.464%, BCER train=0.992%, BWER train=2.878%, skip ratio=0.000%,
UpdateSubtrainer:At iteration 23582/61100/61100, mean rms=0.415%, delta=0.492%, BCER train=1.000%, BWER train=3.012%, skip ratio=0.000%,
UpdateSubtrainer:At iteration 23608/61200/61200, mean rms=0.412%, delta=0.474%, BCER train=0.976%, BWER train=2.956%, skip ratio=0.000%,
UpdateSubtrainer:At iteration 23638/61300/61300, mean rms=0.419%, delta=0.495%, BCER train=1.015%, BWER train=3.063%, skip ratio=0.000%,
UpdateSubtrainer:At iteration 23663/61400/61400, mean rms=0.422%, delta=0.527%, BCER train=1.000%, BWER train=3.042%, skip ratio=0.000%,
UpdateSubtrainer:At iteration 23693/61500/61500, mean rms=0.421%, delta=0.506%, BCER train=0.895%, BWER train=2.896%, skip ratio=0.000%,
UpdateSubtrainer:At iteration 23734/61600/61600, mean rms=0.437%, delta=0.568%, BCER train=0.957%, BWER train=3.101%, skip ratio=0.000%,
UpdateSubtrainer:At iteration 23762/61700/61700, mean rms=0.433%, delta=0.564%, BCER train=0.960%, BWER train=3.104%, skip ratio=0.000%,
UpdateSubtrainer:At iteration 23791/61800/61800, mean rms=0.450%, delta=0.638%, BCER train=0.982%, BWER train=3.165%, skip ratio=0.000%,
UpdateSubtrainer:At iteration 23820/61900/61900, mean rms=0.454%, delta=0.654%, BCER train=0.984%, BWER train=3.286%, skip ratio=0.000%,
UpdateSubtrainer:At iteration 23849/62000/62000, mean rms=0.465%, delta=0.681%, BCER train=0.980%, BWER train=3.274%, skip ratio=0.000%,
UpdateSubtrainer:At iteration 23873/62100/62100, mean rms=0.464%, delta=0.663%, BCER train=0.994%, BWER train=3.244%, skip ratio=0.000%,
UpdateSubtrainer:At iteration 23900/62200/62200, mean rms=0.466%, delta=0.685%, BCER train=1.021%, BWER train=3.310%, skip ratio=0.000%,
UpdateSubtrainer:At iteration 23927/62300/62300, mean rms=0.460%, delta=0.669%, BCER train=1.008%, BWER train=3.346%, skip ratio=0.000%,
UpdateSubtrainer:At iteration 23958/62400/62400, mean rms=0.460%, delta=0.645%, BCER train=1.008%, BWER train=3.565%, skip ratio=0.000%,
UpdateSubtrainer:At iteration 23989/62500/62500, mean rms=0.460%, delta=0.655%, BCER train=1.013%, BWER train=3.621%, skip ratio=0.000%,
UpdateSubtrainer:At iteration 24008/62600/62600, mean rms=0.435%, delta=0.575%, BCER train=0.892%, BWER train=3.295%, skip ratio=0.000%,
UpdateSubtrainer:At iteration 24034/62700/62700, mean rms=0.433%, delta=0.566%, BCER train=0.860%, BWER train=3.227%, skip ratio=0.000%,
UpdateSubtrainer:At iteration 24059/62800/62800, mean rms=0.422%, delta=0.514%, BCER train=0.851%, BWER train=3.212%, skip ratio=0.000%,
UpdateSubtrainer:At iteration 24088/62900/62900, mean rms=0.418%, delta=0.496%, BCER train=0.824%, BWER train=3.100%, skip ratio=0.000%,
UpdateSubtrainer:At iteration 24116/63000/63000, mean rms=0.416%, delta=0.507%, BCER train=0.871%, BWER train=3.093%, skip ratio=0.000%,
UpdateSubtrainer:At iteration 24148/63100/63100, mean rms=0.420%, delta=0.531%, BCER train=0.991%, BWER train=3.323%, skip ratio=0.000%,
UpdateSubtrainer:At iteration 24171/63200/63200, mean rms=0.412%, delta=0.498%, BCER train=0.951%, BWER train=3.229%, skip ratio=0.000%,
UpdateSubtrainer:At iteration 24204/63300/63300, mean rms=0.410%, delta=0.486%, BCER train=0.954%, BWER train=3.186%, skip ratio=0.000%,
UpdateSubtrainer:At iteration 24229/63400/63400, mean rms=0.405%, delta=0.492%, BCER train=0.943%, BWER train=2.970%, skip ratio=0.000%,
UpdateSubtrainer:At iteration 24261/63500/63500, mean rms=0.411%, delta=0.502%, BCER train=0.962%, BWER train=2.957%, skip ratio=0.000%,
UpdateSubtrainer:At iteration 24281/63600/63600, mean rms=0.411%, delta=0.508%, BCER train=0.956%, BWER train=3.028%, skip ratio=0.000%,
UpdateSubtrainer:At iteration 24323/63700/63700, mean rms=0.424%, delta=0.530%, BCER train=1.025%, BWER train=3.272%, skip ratio=0.000%,
UpdateSubtrainer:At iteration 24347/63800/63800, mean rms=0.423%, delta=0.523%, BCER train=1.067%, BWER train=3.275%, skip ratio=0.000%,
UpdateSubtrainer:At iteration 24376/63900/63900, mean rms=0.421%, delta=0.523%, BCER train=1.042%, BWER train=3.238%, skip ratio=0.000%,
UpdateSubtrainer:At iteration 24395/64000/64000, mean rms=0.407%, delta=0.476%, BCER train=0.955%, BWER train=3.138%, skip ratio=0.000%,
UpdateSubtrainer:At iteration 24429/64100/64100, mean rms=0.420%, delta=0.534%, BCER train=0.851%, BWER train=2.983%, skip ratio=0.000%,
UpdateSubtrainer:At iteration 24458/64200/64200, mean rms=0.426%, delta=0.531%, BCER train=0.883%, BWER train=3.114%, skip ratio=0.000%,
UpdateSubtrainer:At iteration 24491/64300/64300, mean rms=0.437%, delta=0.564%, BCER train=0.958%, BWER train=3.145%, skip ratio=0.000%,
UpdateSubtrainer:At iteration 24519/64400/64400, mean rms=0.435%, delta=0.535%, BCER train=0.967%, BWER train=3.275%, skip ratio=0.000%,
UpdateSubtrainer:At iteration 24546/64500/64500, mean rms=0.425%, delta=0.518%, BCER train=0.945%, BWER train=3.154%, skip ratio=0.000%,
UpdateSubtrainer:At iteration 24572/64600/64600, mean rms=0.437%, delta=0.555%, BCER train=0.994%, BWER train=3.226%, skip ratio=0.000%,
UpdateSubtrainer:At iteration 24595/64700/64700, mean rms=0.425%, delta=0.531%, BCER train=0.938%, BWER train=2.973%, skip ratio=0.000%,
UpdateSubtrainer:At iteration 24625/64800/64800, mean rms=0.431%, delta=0.552%, BCER train=0.903%, BWER train=3.044%, skip ratio=0.000%,
UpdateSubtrainer:At iteration 24654/64900/64900, mean rms=0.431%, delta=0.545%, BCER train=0.934%, BWER train=3.057%, skip ratio=0.000%,
UpdateSubtrainer:At iteration 24695/65000/65000, mean rms=0.458%, delta=0.635%, BCER train=1.005%, BWER train=3.245%, skip ratio=0.000%,
UpdateSubtrainer:At iteration 24716/65100/65100, mean rms=0.440%, delta=0.568%, BCER train=1.016%, BWER train=3.234%, skip ratio=0.000%,
UpdateSubtrainer:At iteration 24739/65200/65200, mean rms=0.436%, delta=0.586%, BCER train=0.988%, BWER train=3.136%, skip ratio=0.000%,
UpdateSubtrainer:At iteration 24768/65300/65300, mean rms=0.440%, delta=0.604%, BCER train=0.970%, BWER train=3.249%, skip ratio=0.000%,
UpdateSubtrainer:At iteration 24794/65400/65400, mean rms=0.442%, delta=0.625%, BCER train=0.959%, BWER train=3.063%, skip ratio=0.000%,
UpdateSubtrainer:At iteration 24822/65500/65500, mean rms=0.447%, delta=0.629%, BCER train=0.983%, BWER train=3.154%, skip ratio=0.000%,
UpdateSubtrainer:At iteration 24846/65600/65600, mean rms=0.439%, delta=0.591%, BCER train=0.957%, BWER train=3.132%, skip ratio=0.000%,
UpdateSubtrainer:At iteration 24878/65700/65700, mean rms=0.443%, delta=0.607%, BCER train=0.953%, BWER train=3.186%, skip ratio=0.000%,
UpdateSubtrainer:At iteration 24904/65800/65800, mean rms=0.442%, delta=0.601%, BCER train=1.010%, BWER train=3.235%, skip ratio=0.000%,
UpdateSubtrainer:At iteration 24933/65900/65900, mean rms=0.442%, delta=0.611%, BCER train=1.025%, BWER train=3.190%, skip ratio=0.000%,
UpdateSubtrainer:At iteration 24964/66000/66000, mean rms=0.427%, delta=0.556%, BCER train=1.007%, BWER train=3.103%, skip ratio=0.000%,
UpdateSubtrainer:At iteration 24992/66100/66100, mean rms=0.429%, delta=0.545%, BCER train=1.009%, BWER train=3.118%, skip ratio=0.000%,
UpdateSubtrainer:At iteration 25024/66200/66200, mean rms=0.430%, delta=0.527%, BCER train=1.024%, BWER train=3.271%, skip ratio=0.000%,
UpdateSubtrainer:At iteration 25055/66300/66300, mean rms=0.419%, delta=0.491%, BCER train=0.951%, BWER train=3.105%, skip ratio=0.000%,
UpdateSubtrainer:At iteration 25070/66400/66400, mean rms=0.417%, delta=0.493%, BCER train=0.945%, BWER train=3.038%, skip ratio=0.000%,
UpdateSubtrainer:At iteration 25100/66500/66500, mean rms=0.417%, delta=0.500%, BCER train=0.952%, BWER train=3.179%, skip ratio=0.000%,
UpdateSubtrainer:At iteration 25127/66600/66600, mean rms=0.423%, delta=0.522%, BCER train=1.007%, BWER train=3.230%, skip ratio=0.000%,
UpdateSubtrainer:At iteration 25152/66700/66700, mean rms=0.416%, delta=0.489%, BCER train=1.006%, BWER train=3.250%, skip ratio=0.000%,
UpdateSubtrainer:At iteration 25184/66800/66800, mean rms=0.426%, delta=0.531%, BCER train=1.030%, BWER train=3.219%, skip ratio=0.000%,
UpdateSubtrainer:At iteration 25208/66900/66900, mean rms=0.423%, delta=0.512%, BCER train=0.942%, BWER train=3.180%, skip ratio=0.000%,
UpdateSubtrainer:At iteration 25243/67000/67000, mean rms=0.427%, delta=0.512%, BCER train=0.943%, BWER train=3.210%, skip ratio=0.000%,
UpdateSubtrainer:At iteration 25271/67100/67100, mean rms=0.437%, delta=0.553%, BCER train=0.939%, BWER train=3.146%, skip ratio=0.000%,
UpdateSubtrainer:At iteration 25290/67200/67200, mean rms=0.437%, delta=0.565%, BCER train=0.910%, BWER train=2.940%, skip ratio=0.000%,
UpdateSubtrainer:At iteration 25324/67300/67300, mean rms=0.440%, delta=0.570%, BCER train=0.959%, BWER train=2.987%, skip ratio=0.000%,
UpdateSubtrainer:At iteration 25356/67400/67400, mean rms=0.444%, delta=0.564%, BCER train=1.001%, BWER train=3.300%, skip ratio=0.000%,
UpdateSubtrainer:At iteration 25383/67500/67500, mean rms=0.442%, delta=0.563%, BCER train=0.965%, BWER train=3.136%, skip ratio=0.000%,
UpdateSubtrainer:At iteration 25417/67600/67600, mean rms=0.448%, delta=0.582%, BCER train=0.959%, BWER train=3.247%, skip ratio=0.000%,
UpdateSubtrainer:At iteration 25440/67700/67700, mean rms=0.458%, delta=0.632%, BCER train=0.984%, BWER train=3.318%, skip ratio=0.000%,
UpdateSubtrainer:At iteration 25469/67800/67800, mean rms=0.451%, delta=0.598%, BCER train=0.894%, BWER train=3.247%, skip ratio=0.000%,
UpdateSubtrainer:At iteration 25489/67900/67900, mean rms=0.444%, delta=0.579%, BCER train=0.908%, BWER train=3.252%, skip ratio=0.000%,
UpdateSubtrainer:At iteration 25523/68000/68000, mean rms=0.441%, delta=0.570%, BCER train=0.902%, BWER train=3.282%, skip ratio=0.000%,
UpdateSubtrainer:At iteration 25554/68100/68100, mean rms=0.436%, delta=0.540%, BCER train=0.928%, BWER train=3.383%, skip ratio=0.000%,
UpdateSubtrainer:At iteration 25586/68200/68200, mean rms=0.442%, delta=0.549%, BCER train=0.966%, BWER train=3.549%, skip ratio=0.000%,
UpdateSubtrainer:At iteration 25617/68300/68300, mean rms=0.440%, delta=0.559%, BCER train=0.927%, BWER train=3.493%, skip ratio=0.000%,
UpdateSubtrainer:At iteration 25643/68400/68400, mean rms=0.441%, delta=0.558%, BCER train=0.888%, BWER train=3.368%, skip ratio=0.000%,
UpdateSubtrainer:At iteration 25675/68500/68500, mean rms=0.445%, delta=0.573%, BCER train=0.889%, BWER train=3.437%, skip ratio=0.000%,
UpdateSubtrainer:At iteration 25709/68600/68600, mean rms=0.442%, delta=0.557%, BCER train=0.891%, BWER train=3.381%, skip ratio=0.000%,
UpdateSubtrainer:At iteration 25751/68700/68700, mean rms=0.448%, delta=0.557%, BCER train=0.970%, BWER train=3.388%, skip ratio=0.000%,
UpdateSubtrainer:At iteration 25779/68800/68800, mean rms=0.444%, delta=0.545%, BCER train=0.964%, BWER train=3.433%, skip ratio=0.000%,
UpdateSubtrainer:At iteration 25810/68900/68900, mean rms=0.455%, delta=0.600%, BCER train=1.015%, BWER train=3.587%, skip ratio=0.000%,
UpdateSubtrainer:At iteration 25846/69000/69000, mean rms=0.457%, delta=0.600%, BCER train=1.054%, BWER train=3.711%, skip ratio=0.000%,
UpdateSubtrainer:At iteration 25873/69100/69100, mean rms=0.456%, delta=0.605%, BCER train=1.036%, BWER train=3.656%, skip ratio=0.000%,
UpdateSubtrainer:At iteration 25906/69200/69200, mean rms=0.452%, delta=0.600%, BCER train=1.016%, BWER train=3.543%, skip ratio=0.000%,
UpdateSubtrainer:At iteration 25936/69300/69300, mean rms=0.453%, delta=0.604%, BCER train=1.049%, BWER train=3.679%, skip ratio=0.000%,
UpdateSubtrainer:At iteration 25956/69400/69400, mean rms=0.449%, delta=0.615%, BCER train=1.030%, BWER train=3.545%, skip ratio=0.000%,
UpdateSubtrainer:At iteration 25985/69500/69500, mean rms=0.450%, delta=0.620%, BCER train=1.032%, BWER train=3.494%, skip ratio=0.000%,
UpdateSubtrainer:At iteration 26014/69600/69600, mean rms=0.450%, delta=0.616%, BCER train=1.002%, BWER train=3.442%, skip ratio=0.000%,
UpdateSubtrainer:At iteration 26042/69700/69700, mean rms=0.438%, delta=0.598%, BCER train=0.907%, BWER train=3.316%, skip ratio=0.000%,
UpdateSubtrainer:At iteration 26062/69800/69800, mean rms=0.429%, delta=0.571%, BCER train=0.916%, BWER train=3.150%, skip ratio=0.000%,
UpdateSubtrainer:At iteration 26098/69900/69900, mean rms=0.433%, delta=0.576%, BCER train=0.913%, BWER train=3.145%, skip ratio=0.000%,
UpdateSubtrainer:At iteration 26134/70000/70000, mean rms=0.435%, delta=0.591%, BCER train=0.933%, BWER train=2.993%, skip ratio=0.000%,
UpdateSubtrainer:At iteration 26170/70100/70100, mean rms=0.437%, delta=0.592%, BCER train=0.952%, BWER train=2.974%, skip ratio=0.000%,
UpdateSubtrainer:At iteration 26204/70200/70200, mean rms=0.444%, delta=0.607%, BCER train=0.989%, BWER train=3.087%, skip ratio=0.000%,
UpdateSubtrainer:At iteration 26224/70300/70300, mean rms=0.434%, delta=0.574%, BCER train=0.923%, BWER train=2.879%, skip ratio=0.000%,
UpdateSubtrainer:At iteration 26251/70400/70400, mean rms=0.436%, delta=0.569%, BCER train=0.949%, BWER train=2.987%, skip ratio=0.000%,
UpdateSubtrainer:At iteration 26287/70500/70500, mean rms=0.435%, delta=0.565%, BCER train=0.961%, BWER train=3.170%, skip ratio=0.000%,
UpdateSubtrainer:At iteration 26313/70600/70600, mean rms=0.433%, delta=0.568%, BCER train=0.943%, BWER train=3.093%, skip ratio=0.000%,
UpdateSubtrainer:At iteration 26342/70700/70700, mean rms=0.436%, delta=0.577%, BCER train=0.959%, BWER train=3.090%, skip ratio=0.000%,
UpdateSubtrainer:At iteration 26376/70800/70800, mean rms=0.455%, delta=0.613%, BCER train=0.981%, BWER train=3.254%, skip ratio=0.000%,
UpdateSubtrainer:At iteration 26397/70900/70900, mean rms=0.441%, delta=0.576%, BCER train=0.951%, BWER train=3.222%, skip ratio=0.000%,
UpdateSubtrainer:At iteration 26419/71000/71000, mean rms=0.428%, delta=0.538%, BCER train=0.918%, BWER train=3.318%, skip ratio=0.000%,
UpdateSubtrainer:At iteration 26454/71100/71100, mean rms=0.426%, delta=0.533%, BCER train=0.925%, BWER train=3.343%, skip ratio=0.000%,
UpdateSubtrainer:At iteration 26483/71200/71200, mean rms=0.421%, delta=0.520%, BCER train=0.894%, BWER train=3.306%, skip ratio=0.000%,
UpdateSubtrainer:At iteration 26514/71300/71300, mean rms=0.434%, delta=0.558%, BCER train=0.944%, BWER train=3.368%, skip ratio=0.000%,
UpdateSubtrainer:At iteration 26542/71400/71400, mean rms=0.435%, delta=0.549%, BCER train=0.916%, BWER train=3.289%, skip ratio=0.000%,
UpdateSubtrainer:At iteration 26571/71500/71500, mean rms=0.443%, delta=0.574%, BCER train=0.988%, BWER train=3.169%, skip ratio=0.000%,
UpdateSubtrainer:At iteration 26593/71600/71600, mean rms=0.435%, delta=0.545%, BCER train=0.990%, BWER train=3.118%, skip ratio=0.000%,
UpdateSubtrainer:At iteration 26617/71700/71700, mean rms=0.431%, delta=0.534%, BCER train=0.987%, BWER train=3.119%, skip ratio=0.000%,
UpdateSubtrainer:At iteration 26654/71800/71800, mean rms=0.429%, delta=0.559%, BCER train=1.035%, BWER train=3.178%, skip ratio=0.000%,
UpdateSubtrainer:At iteration 26681/71900/71900, mean rms=0.431%, delta=0.543%, BCER train=1.029%, BWER train=3.197%, skip ratio=0.000%,
UpdateSubtrainer:At iteration 26710/72000/72000, mean rms=0.439%, delta=0.559%, BCER train=1.000%, BWER train=3.069%, skip ratio=0.000%,
UpdateSubtrainer:At iteration 26738/72100/72100, mean rms=0.440%, delta=0.585%, BCER train=0.996%, BWER train=3.198%, skip ratio=0.000%,
UpdateSubtrainer:At iteration 26762/72200/72200, mean rms=0.435%, delta=0.567%, BCER train=0.982%, BWER train=3.116%, skip ratio=0.000%,
UpdateSubtrainer:At iteration 26795/72300/72300, mean rms=0.436%, delta=0.563%, BCER train=1.013%, BWER train=3.261%, skip ratio=0.000%,
UpdateSubtrainer:At iteration 26832/72400/72400, mean rms=0.446%, delta=0.596%, BCER train=1.077%, BWER train=3.423%, skip ratio=0.000%,
UpdateSubtrainer:At iteration 26863/72500/72500, mean rms=0.435%, delta=0.552%, BCER train=1.036%, BWER train=3.545%, skip ratio=0.000%,
UpdateSubtrainer:At iteration 26894/72600/72600, mean rms=0.450%, delta=0.602%, BCER train=1.135%, BWER train=3.801%, skip ratio=0.000%,
UpdateSubtrainer:At iteration 26914/72700/72700, mean rms=0.444%, delta=0.582%, BCER train=1.115%, BWER train=3.756%, skip ratio=0.000%,
UpdateSubtrainer:At iteration 26944/72800/72800, mean rms=0.442%, delta=0.571%, BCER train=1.073%, BWER train=3.716%, skip ratio=0.000%,
UpdateSubtrainer:At iteration 26985/72900/72900, mean rms=0.457%, delta=0.616%, BCER train=1.104%, BWER train=3.733%, skip ratio=0.000%,
UpdateSubtrainer:At iteration 27011/73000/73000, mean rms=0.459%, delta=0.631%, BCER train=1.172%, BWER train=3.786%, skip ratio=0.000%,
UpdateSubtrainer:At iteration 27039/73100/73100, mean rms=0.451%, delta=0.592%, BCER train=1.134%, BWER train=3.586%, skip ratio=0.000%,
UpdateSubtrainer:At iteration 27060/73200/73200, mean rms=0.453%, delta=0.597%, BCER train=1.145%, BWER train=3.665%, skip ratio=0.000%,
UpdateSubtrainer:At iteration 27096/73300/73300, mean rms=0.458%, delta=0.605%, BCER train=1.138%, BWER train=3.603%, skip ratio=0.000%,
UpdateSubtrainer:At iteration 27128/73400/73400, mean rms=0.447%, delta=0.569%, BCER train=1.095%, BWER train=3.531%, skip ratio=0.000%,
UpdateSubtrainer:At iteration 27154/73500/73500, mean rms=0.439%, delta=0.559%, BCER train=1.039%, BWER train=3.286%, skip ratio=0.000%,
UpdateSubtrainer:At iteration 27191/73600/73600, mean rms=0.441%, delta=0.560%, BCER train=0.999%, BWER train=3.236%, skip ratio=0.000%,
UpdateSubtrainer:At iteration 27218/73700/73700, mean rms=0.451%, delta=0.585%, BCER train=1.058%, BWER train=3.292%, skip ratio=0.000%,
UpdateSubtrainer:At iteration 27243/73800/73800, mean rms=0.448%, delta=0.572%, BCER train=1.080%, BWER train=3.263%, skip ratio=0.000%,
UpdateSubtrainer:At iteration 27266/73900/73900, mean rms=0.433%, delta=0.540%, BCER train=1.068%, BWER train=3.213%, skip ratio=0.000%,
UpdateSubtrainer:At iteration 27293/74000/74000, mean rms=0.428%, delta=0.521%, BCER train=0.995%, BWER train=3.197%, skip ratio=0.000%,
UpdateSubtrainer:At iteration 27323/74100/74100, mean rms=0.439%, delta=0.559%, BCER train=1.047%, BWER train=3.341%, skip ratio=0.000%,
UpdateSubtrainer:At iteration 27343/74200/74200, mean rms=0.440%, delta=0.580%, BCER train=1.076%, BWER train=3.231%, skip ratio=0.000%,
UpdateSubtrainer:At iteration 27375/74300/74300, mean rms=0.425%, delta=0.536%, BCER train=1.045%, BWER train=3.200%, skip ratio=0.000%,
UpdateSubtrainer:At iteration 27404/74400/74400, mean rms=0.428%, delta=0.561%, BCER train=1.055%, BWER train=3.238%, skip ratio=0.000%,
UpdateSubtrainer:At iteration 27443/74500/74500, mean rms=0.451%, delta=0.638%, BCER train=1.171%, BWER train=3.390%, skip ratio=0.000%,
UpdateSubtrainer:At iteration 27475/74600/74600, mean rms=0.452%, delta=0.657%, BCER train=1.272%, BWER train=3.488%, skip ratio=0.000%,
UpdateSubtrainer:At iteration 27502/74700/74700, mean rms=0.446%, delta=0.639%, BCER train=1.230%, BWER train=3.499%, skip ratio=0.000%,
UpdateSubtrainer:At iteration 27535/74800/74800, mean rms=0.449%, delta=0.645%, BCER train=1.226%, BWER train=3.475%, skip ratio=0.000%,
UpdateSubtrainer:At iteration 27565/74900/74900, mean rms=0.457%, delta=0.658%, BCER train=1.257%, BWER train=3.496%, skip ratio=0.000%,
UpdateSubtrainer:At iteration 27593/75000/75000, mean rms=0.457%, delta=0.666%, BCER train=1.281%, BWER train=3.539%, skip ratio=0.000%,
UpdateSubtrainer:At iteration 27624/75100/75100, mean rms=0.460%, delta=0.682%, BCER train=1.303%, BWER train=3.533%, skip ratio=0.000%,
UpdateSubtrainer:At iteration 27656/75200/75200, mean rms=0.468%, delta=0.680%, BCER train=1.344%, BWER train=3.743%, skip ratio=0.000%,
At iteration 30677/84500/84500, mean rms=0.538%, delta=0.846%, BCER train=1.344%, BWER train=3.889%, skip ratio=0.000%, sub_trainer=1.305 margin=2.989
At iteration 20880/51800/51800, mean rms=0.483%, delta=0.658%, BCER train=1.249%, BWER train=3.916%, skip ratio=0.000%,
At iteration 20916/51900/51900, mean rms=0.474%, delta=0.651%, BCER train=1.199%, BWER train=3.906%, skip ratio=0.000%,
At iteration 20941/52000/52000, mean rms=0.470%, delta=0.653%, BCER train=1.193%, BWER train=3.861%, skip ratio=0.000%,
At iteration 20969/52100/52100, mean rms=0.476%, delta=0.671%, BCER train=1.202%, BWER train=3.920%, skip ratio=0.000%,
At iteration 21002/52200/52200, mean rms=0.476%, delta=0.648%, BCER train=1.192%, BWER train=3.886%, skip ratio=0.000%,
At iteration 21030/52300/52300, mean rms=0.465%, delta=0.651%, BCER train=1.252%, BWER train=3.781%, skip ratio=0.000%,
At iteration 21063/52400/52400, mean rms=0.456%, delta=0.623%, BCER train=1.167%, BWER train=3.675%, skip ratio=0.000%,
At iteration 21090/52500/52500, mean rms=0.449%, delta=0.614%, BCER train=1.186%, BWER train=3.570%, skip ratio=0.000%,
At iteration 21111/52600/52600, mean rms=0.440%, delta=0.597%, BCER train=1.171%, BWER train=3.451%, skip ratio=0.000%,
At iteration 21138/52700/52700, mean rms=0.429%, delta=0.535%, BCER train=1.057%, BWER train=3.228%, skip ratio=0.000%,
At iteration 21168/52800/52800, mean rms=0.431%, delta=0.538%, BCER train=1.082%, BWER train=3.376%, skip ratio=0.000%,
At iteration 21197/52900/52900, mean rms=0.420%, delta=0.497%, BCER train=1.047%, BWER train=3.231%, skip ratio=0.000%,
At iteration 21230/53000/53000, mean rms=0.427%, delta=0.523%, BCER train=1.064%, BWER train=3.288%, skip ratio=0.000%,
At iteration 21271/53100/53100, mean rms=0.433%, delta=0.541%, BCER train=1.110%, BWER train=3.295%, skip ratio=0.000%,
At iteration 21299/53200/53200, mean rms=0.430%, delta=0.556%, BCER train=1.079%, BWER train=3.251%, skip ratio=0.000%,
At iteration 21330/53300/53300, mean rms=0.431%, delta=0.541%, BCER train=0.994%, BWER train=3.152%, skip ratio=0.000%,
At iteration 21357/53400/53400, mean rms=0.428%, delta=0.549%, BCER train=0.990%, BWER train=3.135%, skip ratio=0.000%,
At iteration 21380/53500/53500, mean rms=0.421%, delta=0.529%, BCER train=0.965%, BWER train=3.079%, skip ratio=0.000%,
At iteration 21413/53600/53600, mean rms=0.434%, delta=0.564%, BCER train=1.024%, BWER train=3.230%, skip ratio=0.000%,
At iteration 21445/53700/53700, mean rms=0.435%, delta=0.554%, BCER train=1.032%, BWER train=3.328%, skip ratio=0.000%,
At iteration 21482/53800/53800, mean rms=0.444%, delta=0.591%, BCER train=1.027%, BWER train=3.309%, skip ratio=0.000%,
At iteration 21514/53900/53900, mean rms=0.448%, delta=0.598%, BCER train=1.016%, BWER train=3.241%, skip ratio=0.000%,
At iteration 21540/54000/54000, mean rms=0.442%, delta=0.581%, BCER train=1.024%, BWER train=3.306%, skip ratio=0.000%,
At iteration 21571/54100/54100, mean rms=0.435%, delta=0.562%, BCER train=0.955%, BWER train=3.252%, skip ratio=0.000%,
At iteration 21607/54200/54200, mean rms=0.441%, delta=0.560%, BCER train=0.993%, BWER train=3.274%, skip ratio=0.000%,
At iteration 21633/54300/54300, mean rms=0.433%, delta=0.543%, BCER train=0.947%, BWER train=3.201%, skip ratio=0.000%,
At iteration 21663/54400/54400, mean rms=0.441%, delta=0.557%, BCER train=1.015%, BWER train=3.277%, skip ratio=0.000%,
At iteration 21688/54500/54500, mean rms=0.441%, delta=0.549%, BCER train=0.972%, BWER train=3.321%, skip ratio=0.000%,
At iteration 21720/54600/54600, mean rms=0.437%, delta=0.531%, BCER train=0.932%, BWER train=3.323%, skip ratio=0.000%,
At iteration 21748/54700/54700, mean rms=0.438%, delta=0.547%, BCER train=0.950%, BWER train=3.246%, skip ratio=0.000%,
At iteration 21774/54800/54800, mean rms=0.428%, delta=0.508%, BCER train=0.926%, BWER train=3.170%, skip ratio=0.000%,
At iteration 21804/54900/54900, mean rms=0.425%, delta=0.500%, BCER train=0.937%, BWER train=3.312%, skip ratio=0.000%,
At iteration 21828/55000/55000, mean rms=0.420%, delta=0.481%, BCER train=0.889%, BWER train=3.118%, skip ratio=0.000%,
At iteration 21849/55100/55100, mean rms=0.410%, delta=0.456%, BCER train=0.863%, BWER train=3.032%, skip ratio=0.000%,
At iteration 21880/55200/55200, mean rms=0.409%, delta=0.470%, BCER train=0.902%, BWER train=3.225%, skip ratio=0.000%,
At iteration 21904/55300/55300, mean rms=0.407%, delta=0.464%, BCER train=0.897%, BWER train=3.193%, skip ratio=0.000%,
At iteration 21937/55400/55400, mean rms=0.410%, delta=0.485%, BCER train=0.881%, BWER train=3.137%, skip ratio=0.000%,
At iteration 21966/55500/55500, mean rms=0.412%, delta=0.478%, BCER train=0.894%, BWER train=3.133%, skip ratio=0.000%,
At iteration 21998/55600/55600, mean rms=0.419%, delta=0.495%, BCER train=0.929%, BWER train=3.154%, skip ratio=0.000%,
At iteration 22030/55700/55700, mean rms=0.415%, delta=0.470%, BCER train=0.889%, BWER train=3.174%, skip ratio=0.000%,
At iteration 22055/55800/55800, mean rms=0.413%, delta=0.482%, BCER train=0.910%, BWER train=3.254%, skip ratio=0.000%,
At iteration 22079/55900/55900, mean rms=0.415%, delta=0.492%, BCER train=0.907%, BWER train=3.140%, skip ratio=0.000%,
At iteration 22102/56000/56000, mean rms=0.413%, delta=0.486%, BCER train=0.898%, BWER train=3.121%, skip ratio=0.000%,
At iteration 22129/56100/56100, mean rms=0.413%, delta=0.483%, BCER train=0.900%, BWER train=3.208%, skip ratio=0.000%,
At iteration 22159/56200/56200, mean rms=0.408%, delta=0.462%, BCER train=0.829%, BWER train=3.041%, skip ratio=0.000%,
At iteration 22192/56300/56300, mean rms=0.418%, delta=0.481%, BCER train=0.881%, BWER train=3.181%, skip ratio=0.000%,
At iteration 22226/56400/56400, mean rms=0.414%, delta=0.449%, BCER train=0.880%, BWER train=3.225%, skip ratio=0.000%,
At iteration 22262/56500/56500, mean rms=0.423%, delta=0.477%, BCER train=0.908%, BWER train=3.308%, skip ratio=0.000%,
At iteration 22294/56600/56600, mean rms=0.416%, delta=0.463%, BCER train=0.868%, BWER train=3.275%, skip ratio=0.000%,
At iteration 22318/56700/56700, mean rms=0.410%, delta=0.460%, BCER train=0.859%, BWER train=3.244%, skip ratio=0.000%,
At iteration 22349/56800/56800, mean rms=0.415%, delta=0.461%, BCER train=0.856%, BWER train=3.167%, skip ratio=0.000%,
At iteration 22379/56900/56900, mean rms=0.422%, delta=0.496%, BCER train=0.934%, BWER train=3.237%, skip ratio=0.000%,
At iteration 22412/57000/57000, mean rms=0.442%, delta=0.576%, BCER train=1.034%, BWER train=3.487%, skip ratio=0.000%,
At iteration 22448/57100/57100, mean rms=0.456%, delta=0.605%, BCER train=1.072%, BWER train=3.676%, skip ratio=0.000%,
At iteration 22473/57200/57200, mean rms=0.456%, delta=0.616%, BCER train=1.071%, BWER train=3.556%, skip ratio=0.000%,
At iteration 22501/57300/57300, mean rms=0.452%, delta=0.600%, BCER train=1.042%, BWER train=3.589%, skip ratio=0.000%,
At iteration 22522/57400/57400, mean rms=0.440%, delta=0.573%, BCER train=0.966%, BWER train=3.471%, skip ratio=0.000%,
At iteration 22557/57500/57500, mean rms=0.448%, delta=0.608%, BCER train=0.966%, BWER train=3.453%, skip ratio=0.000%,
At iteration 22578/57600/57600, mean rms=0.437%, delta=0.581%, BCER train=0.939%, BWER train=3.351%, skip ratio=0.000%,
At iteration 22619/57700/57700, mean rms=0.455%, delta=0.629%, BCER train=1.028%, BWER train=3.587%, skip ratio=0.000%,
At iteration 22649/57800/57800, mean rms=0.453%, delta=0.621%, BCER train=1.049%, BWER train=3.637%, skip ratio=0.000%,
At iteration 22677/57900/57900, mean rms=0.436%, delta=0.560%, BCER train=0.941%, BWER train=3.615%, skip ratio=0.000%,
At iteration 22701/58000/58000, mean rms=0.423%, delta=0.512%, BCER train=0.867%, BWER train=3.364%, skip ratio=0.000%,
At iteration 22729/58100/58100, mean rms=0.421%, delta=0.530%, BCER train=0.852%, BWER train=3.191%, skip ratio=0.000%,
At iteration 22754/58200/58200, mean rms=0.419%, delta=0.519%, BCER train=0.831%, BWER train=3.212%, skip ratio=0.000%,
At iteration 22787/58300/58300, mean rms=0.426%, delta=0.551%, BCER train=0.882%, BWER train=3.236%, skip ratio=0.000%,
At iteration 22815/58400/58400, mean rms=0.429%, delta=0.563%, BCER train=0.916%, BWER train=3.305%, skip ratio=0.000%,
At iteration 22836/58500/58500, mean rms=0.409%, delta=0.506%, BCER train=0.858%, BWER train=3.146%, skip ratio=0.000%,
At iteration 22866/58600/58600, mean rms=0.424%, delta=0.547%, BCER train=0.879%, BWER train=3.246%, skip ratio=0.000%,
At iteration 22897/58700/58700, mean rms=0.418%, delta=0.529%, BCER train=0.804%, BWER train=3.062%, skip ratio=0.000%,
At iteration 22924/58800/58800, mean rms=0.427%, delta=0.560%, BCER train=0.782%, BWER train=3.093%, skip ratio=0.000%,
At iteration 22958/58900/58900, mean rms=0.451%, delta=0.654%, BCER train=0.890%, BWER train=3.187%, skip ratio=0.000%,
At iteration 22982/59000/59000, mean rms=0.444%, delta=0.617%, BCER train=0.885%, BWER train=3.221%, skip ratio=0.000%,
At iteration 23016/59100/59100, mean rms=0.442%, delta=0.599%, BCER train=0.896%, BWER train=3.201%, skip ratio=0.000%,
At iteration 23039/59200/59200, mean rms=0.442%, delta=0.600%, BCER train=0.902%, BWER train=3.186%, skip ratio=0.000%,
At iteration 23069/59300/59300, mean rms=0.435%, delta=0.576%, BCER train=0.833%, BWER train=3.027%, skip ratio=0.000%,
At iteration 23097/59400/59400, mean rms=0.440%, delta=0.589%, BCER train=0.837%, BWER train=2.931%, skip ratio=0.000%,
At iteration 23126/59500/59500, mean rms=0.452%, delta=0.627%, BCER train=0.924%, BWER train=3.160%, skip ratio=0.000%,
At iteration 23154/59600/59600, mean rms=0.446%, delta=0.613%, BCER train=0.928%, BWER train=3.054%, skip ratio=0.000%,
At iteration 23184/59700/59700, mean rms=0.446%, delta=0.619%, BCER train=0.992%, BWER train=3.074%, skip ratio=0.000%,
At iteration 23214/59800/59800, mean rms=0.439%, delta=0.600%, BCER train=1.051%, BWER train=3.018%, skip ratio=0.000%,
At iteration 23237/59900/59900, mean rms=0.414%, delta=0.502%, BCER train=0.947%, BWER train=2.853%, skip ratio=0.000%,
At iteration 23268/60000/60000, mean rms=0.428%, delta=0.557%, BCER train=0.968%, BWER train=2.893%, skip ratio=0.000%,
At iteration 23292/60100/60100, mean rms=0.417%, delta=0.529%, BCER train=0.925%, BWER train=2.776%, skip ratio=0.000%,
At iteration 23322/60200/60200, mean rms=0.424%, delta=0.554%, BCER train=0.966%, BWER train=2.839%, skip ratio=0.000%,
At iteration 23343/60300/60300, mean rms=0.422%, delta=0.553%, BCER train=0.964%, BWER train=2.811%, skip ratio=0.000%,
At iteration 23372/60400/60400, mean rms=0.424%, delta=0.551%, BCER train=0.997%, BWER train=2.877%, skip ratio=0.000%,
At iteration 23396/60500/60500, mean rms=0.419%, delta=0.530%, BCER train=1.048%, BWER train=2.910%, skip ratio=0.000%,
At iteration 23432/60600/60600, mean rms=0.420%, delta=0.524%, BCER train=1.063%, BWER train=2.943%, skip ratio=0.000%,
At iteration 23465/60700/60700, mean rms=0.418%, delta=0.512%, BCER train=1.009%, BWER train=2.887%, skip ratio=0.000%,
At iteration 23494/60800/60800, mean rms=0.408%, delta=0.475%, BCER train=0.925%, BWER train=2.797%, skip ratio=0.000%,
At iteration 23527/60900/60900, mean rms=0.420%, delta=0.514%, BCER train=0.998%, BWER train=2.888%, skip ratio=0.000%,
At iteration 23553/61000/61000, mean rms=0.407%, delta=0.464%, BCER train=0.992%, BWER train=2.878%, skip ratio=0.000%,
At iteration 23582/61100/61100, mean rms=0.415%, delta=0.492%, BCER train=1.000%, BWER train=3.012%, skip ratio=0.000%,
At iteration 23608/61200/61200, mean rms=0.412%, delta=0.474%, BCER train=0.976%, BWER train=2.956%, skip ratio=0.000%,
At iteration 23638/61300/61300, mean rms=0.419%, delta=0.495%, BCER train=1.015%, BWER train=3.063%, skip ratio=0.000%,
At iteration 23663/61400/61400, mean rms=0.422%, delta=0.527%, BCER train=1.000%, BWER train=3.042%, skip ratio=0.000%,
At iteration 23693/61500/61500, mean rms=0.421%, delta=0.506%, BCER train=0.895%, BWER train=2.896%, skip ratio=0.000%,
At iteration 23734/61600/61600, mean rms=0.437%, delta=0.568%, BCER train=0.957%, BWER train=3.101%, skip ratio=0.000%,
At iteration 23762/61700/61700, mean rms=0.433%, delta=0.564%, BCER train=0.960%, BWER train=3.104%, skip ratio=0.000%,
At iteration 23791/61800/61800, mean rms=0.450%, delta=0.638%, BCER train=0.982%, BWER train=3.165%, skip ratio=0.000%,
At iteration 23820/61900/61900, mean rms=0.454%, delta=0.654%, BCER train=0.984%, BWER train=3.286%, skip ratio=0.000%,
At iteration 23849/62000/62000, mean rms=0.465%, delta=0.681%, BCER train=0.980%, BWER train=3.274%, skip ratio=0.000%,
At iteration 23873/62100/62100, mean rms=0.464%, delta=0.663%, BCER train=0.994%, BWER train=3.244%, skip ratio=0.000%,
At iteration 23900/62200/62200, mean rms=0.466%, delta=0.685%, BCER train=1.021%, BWER train=3.310%, skip ratio=0.000%,
At iteration 23927/62300/62300, mean rms=0.460%, delta=0.669%, BCER train=1.008%, BWER train=3.346%, skip ratio=0.000%,
At iteration 23958/62400/62400, mean rms=0.460%, delta=0.645%, BCER train=1.008%, BWER train=3.565%, skip ratio=0.000%,
At iteration 23989/62500/62500, mean rms=0.460%, delta=0.655%, BCER train=1.013%, BWER train=3.621%, skip ratio=0.000%,
At iteration 24008/62600/62600, mean rms=0.435%, delta=0.575%, BCER train=0.892%, BWER train=3.295%, skip ratio=0.000%,
At iteration 24034/62700/62700, mean rms=0.433%, delta=0.566%, BCER train=0.860%, BWER train=3.227%, skip ratio=0.000%,
At iteration 24059/62800/62800, mean rms=0.422%, delta=0.514%, BCER train=0.851%, BWER train=3.212%, skip ratio=0.000%,
At iteration 24088/62900/62900, mean rms=0.418%, delta=0.496%, BCER train=0.824%, BWER train=3.100%, skip ratio=0.000%,
At iteration 24116/63000/63000, mean rms=0.416%, delta=0.507%, BCER train=0.871%, BWER train=3.093%, skip ratio=0.000%,
At iteration 24148/63100/63100, mean rms=0.420%, delta=0.531%, BCER train=0.991%, BWER train=3.323%, skip ratio=0.000%,
At iteration 24171/63200/63200, mean rms=0.412%, delta=0.498%, BCER train=0.951%, BWER train=3.229%, skip ratio=0.000%,
At iteration 24204/63300/63300, mean rms=0.410%, delta=0.486%, BCER train=0.954%, BWER train=3.186%, skip ratio=0.000%,
At iteration 24229/63400/63400, mean rms=0.405%, delta=0.492%, BCER train=0.943%, BWER train=2.970%, skip ratio=0.000%,
At iteration 24261/63500/63500, mean rms=0.411%, delta=0.502%, BCER train=0.962%, BWER train=2.957%, skip ratio=0.000%,
At iteration 24281/63600/63600, mean rms=0.411%, delta=0.508%, BCER train=0.956%, BWER train=3.028%, skip ratio=0.000%,
At iteration 24323/63700/63700, mean rms=0.424%, delta=0.530%, BCER train=1.025%, BWER train=3.272%, skip ratio=0.000%,
At iteration 24347/63800/63800, mean rms=0.423%, delta=0.523%, BCER train=1.067%, BWER train=3.275%, skip ratio=0.000%,
At iteration 24376/63900/63900, mean rms=0.421%, delta=0.523%, BCER train=1.042%, BWER train=3.238%, skip ratio=0.000%,
At iteration 24395/64000/64000, mean rms=0.407%, delta=0.476%, BCER train=0.955%, BWER train=3.138%, skip ratio=0.000%,
At iteration 24429/64100/64100, mean rms=0.420%, delta=0.534%, BCER train=0.851%, BWER train=2.983%, skip ratio=0.000%,
At iteration 24458/64200/64200, mean rms=0.426%, delta=0.531%, BCER train=0.883%, BWER train=3.114%, skip ratio=0.000%,
At iteration 24491/64300/64300, mean rms=0.437%, delta=0.564%, BCER train=0.958%, BWER train=3.145%, skip ratio=0.000%,
At iteration 24519/64400/64400, mean rms=0.435%, delta=0.535%, BCER train=0.967%, BWER train=3.275%, skip ratio=0.000%,
At iteration 24546/64500/64500, mean rms=0.425%, delta=0.518%, BCER train=0.945%, BWER train=3.154%, skip ratio=0.000%,
At iteration 24572/64600/64600, mean rms=0.437%, delta=0.555%, BCER train=0.994%, BWER train=3.226%, skip ratio=0.000%,
At iteration 24595/64700/64700, mean rms=0.425%, delta=0.531%, BCER train=0.938%, BWER train=2.973%, skip ratio=0.000%,
At iteration 24625/64800/64800, mean rms=0.431%, delta=0.552%, BCER train=0.903%, BWER train=3.044%, skip ratio=0.000%,
At iteration 24654/64900/64900, mean rms=0.431%, delta=0.545%, BCER train=0.934%, BWER train=3.057%, skip ratio=0.000%,
At iteration 24695/65000/65000, mean rms=0.458%, delta=0.635%, BCER train=1.005%, BWER train=3.245%, skip ratio=0.000%,
At iteration 24716/65100/65100, mean rms=0.440%, delta=0.568%, BCER train=1.016%, BWER train=3.234%, skip ratio=0.000%,
At iteration 24739/65200/65200, mean rms=0.436%, delta=0.586%, BCER train=0.988%, BWER train=3.136%, skip ratio=0.000%,
At iteration 24768/65300/65300, mean rms=0.440%, delta=0.604%, BCER train=0.970%, BWER train=3.249%, skip ratio=0.000%,
At iteration 24794/65400/65400, mean rms=0.442%, delta=0.625%, BCER train=0.959%, BWER train=3.063%, skip ratio=0.000%,
At iteration 24822/65500/65500, mean rms=0.447%, delta=0.629%, BCER train=0.983%, BWER train=3.154%, skip ratio=0.000%,
At iteration 24846/65600/65600, mean rms=0.439%, delta=0.591%, BCER train=0.957%, BWER train=3.132%, skip ratio=0.000%,
At iteration 24878/65700/65700, mean rms=0.443%, delta=0.607%, BCER train=0.953%, BWER train=3.186%, skip ratio=0.000%,
At iteration 24904/65800/65800, mean rms=0.442%, delta=0.601%, BCER train=1.010%, BWER train=3.235%, skip ratio=0.000%,
At iteration 24933/65900/65900, mean rms=0.442%, delta=0.611%, BCER train=1.025%, BWER train=3.190%, skip ratio=0.000%,
At iteration 24964/66000/66000, mean rms=0.427%, delta=0.556%, BCER train=1.007%, BWER train=3.103%, skip ratio=0.000%,
At iteration 24992/66100/66100, mean rms=0.429%, delta=0.545%, BCER train=1.009%, BWER train=3.118%, skip ratio=0.000%,
At iteration 25024/66200/66200, mean rms=0.430%, delta=0.527%, BCER train=1.024%, BWER train=3.271%, skip ratio=0.000%,
At iteration 25055/66300/66300, mean rms=0.419%, delta=0.491%, BCER train=0.951%, BWER train=3.105%, skip ratio=0.000%,
At iteration 25070/66400/66400, mean rms=0.417%, delta=0.493%, BCER train=0.945%, BWER train=3.038%, skip ratio=0.000%,
At iteration 25100/66500/66500, mean rms=0.417%, delta=0.500%, BCER train=0.952%, BWER train=3.179%, skip ratio=0.000%,
At iteration 25127/66600/66600, mean rms=0.423%, delta=0.522%, BCER train=1.007%, BWER train=3.230%, skip ratio=0.000%,
At iteration 25152/66700/66700, mean rms=0.416%, delta=0.489%, BCER train=1.006%, BWER train=3.250%, skip ratio=0.000%,
At iteration 25184/66800/66800, mean rms=0.426%, delta=0.531%, BCER train=1.030%, BWER train=3.219%, skip ratio=0.000%,
At iteration 25208/66900/66900, mean rms=0.423%, delta=0.512%, BCER train=0.942%, BWER train=3.180%, skip ratio=0.000%,
At iteration 25243/67000/67000, mean rms=0.427%, delta=0.512%, BCER train=0.943%, BWER train=3.210%, skip ratio=0.000%,
At iteration 25271/67100/67100, mean rms=0.437%, delta=0.553%, BCER train=0.939%, BWER train=3.146%, skip ratio=0.000%,
At iteration 25290/67200/67200, mean rms=0.437%, delta=0.565%, BCER train=0.910%, BWER train=2.940%, skip ratio=0.000%,
At iteration 25324/67300/67300, mean rms=0.440%, delta=0.570%, BCER train=0.959%, BWER train=2.987%, skip ratio=0.000%,
At iteration 25356/67400/67400, mean rms=0.444%, delta=0.564%, BCER train=1.001%, BWER train=3.300%, skip ratio=0.000%,
At iteration 25383/67500/67500, mean rms=0.442%, delta=0.563%, BCER train=0.965%, BWER train=3.136%, skip ratio=0.000%,
At iteration 25417/67600/67600, mean rms=0.448%, delta=0.582%, BCER train=0.959%, BWER train=3.247%, skip ratio=0.000%,
At iteration 25440/67700/67700, mean rms=0.458%, delta=0.632%, BCER train=0.984%, BWER train=3.318%, skip ratio=0.000%,
At iteration 25469/67800/67800, mean rms=0.451%, delta=0.598%, BCER train=0.894%, BWER train=3.247%, skip ratio=0.000%,
At iteration 25489/67900/67900, mean rms=0.444%, delta=0.579%, BCER train=0.908%, BWER train=3.252%, skip ratio=0.000%,
At iteration 25523/68000/68000, mean rms=0.441%, delta=0.570%, BCER train=0.902%, BWER train=3.282%, skip ratio=0.000%,
At iteration 25554/68100/68100, mean rms=0.436%, delta=0.540%, BCER train=0.928%, BWER train=3.383%, skip ratio=0.000%,
At iteration 25586/68200/68200, mean rms=0.442%, delta=0.549%, BCER train=0.966%, BWER train=3.549%, skip ratio=0.000%,
At iteration 25617/68300/68300, mean rms=0.440%, delta=0.559%, BCER train=0.927%, BWER train=3.493%, skip ratio=0.000%,
At iteration 25643/68400/68400, mean rms=0.441%, delta=0.558%, BCER train=0.888%, BWER train=3.368%, skip ratio=0.000%,
At iteration 25675/68500/68500, mean rms=0.445%, delta=0.573%, BCER train=0.889%, BWER train=3.437%, skip ratio=0.000%,
At iteration 25709/68600/68600, mean rms=0.442%, delta=0.557%, BCER train=0.891%, BWER train=3.381%, skip ratio=0.000%,
At iteration 25751/68700/68700, mean rms=0.448%, delta=0.557%, BCER train=0.970%, BWER train=3.388%, skip ratio=0.000%,
At iteration 25779/68800/68800, mean rms=0.444%, delta=0.545%, BCER train=0.964%, BWER train=3.433%, skip ratio=0.000%,
At iteration 25810/68900/68900, mean rms=0.455%, delta=0.600%, BCER train=1.015%, BWER train=3.587%, skip ratio=0.000%,
At iteration 25846/69000/69000, mean rms=0.457%, delta=0.600%, BCER train=1.054%, BWER train=3.711%, skip ratio=0.000%,
At iteration 25873/69100/69100, mean rms=0.456%, delta=0.605%, BCER train=1.036%, BWER train=3.656%, skip ratio=0.000%,
At iteration 25906/69200/69200, mean rms=0.452%, delta=0.600%, BCER train=1.016%, BWER train=3.543%, skip ratio=0.000%,
At iteration 25936/69300/69300, mean rms=0.453%, delta=0.604%, BCER train=1.049%, BWER train=3.679%, skip ratio=0.000%,
At iteration 25956/69400/69400, mean rms=0.449%, delta=0.615%, BCER train=1.030%, BWER train=3.545%, skip ratio=0.000%,
At iteration 25985/69500/69500, mean rms=0.450%, delta=0.620%, BCER train=1.032%, BWER train=3.494%, skip ratio=0.000%,
At iteration 26014/69600/69600, mean rms=0.450%, delta=0.616%, BCER train=1.002%, BWER train=3.442%, skip ratio=0.000%,
At iteration 26042/69700/69700, mean rms=0.438%, delta=0.598%, BCER train=0.907%, BWER train=3.316%, skip ratio=0.000%,
At iteration 26062/69800/69800, mean rms=0.429%, delta=0.571%, BCER train=0.916%, BWER train=3.150%, skip ratio=0.000%,
At iteration 26098/69900/69900, mean rms=0.433%, delta=0.576%, BCER train=0.913%, BWER train=3.145%, skip ratio=0.000%,
At iteration 26134/70000/70000, mean rms=0.435%, delta=0.591%, BCER train=0.933%, BWER train=2.993%, skip ratio=0.000%,
At iteration 26170/70100/70100, mean rms=0.437%, delta=0.592%, BCER train=0.952%, BWER train=2.974%, skip ratio=0.000%,
At iteration 26204/70200/70200, mean rms=0.444%, delta=0.607%, BCER train=0.989%, BWER train=3.087%, skip ratio=0.000%,
At iteration 26224/70300/70300, mean rms=0.434%, delta=0.574%, BCER train=0.923%, BWER train=2.879%, skip ratio=0.000%,
At iteration 26251/70400/70400, mean rms=0.436%, delta=0.569%, BCER train=0.949%, BWER train=2.987%, skip ratio=0.000%,
At iteration 26287/70500/70500, mean rms=0.435%, delta=0.565%, BCER train=0.961%, BWER train=3.170%, skip ratio=0.000%,
At iteration 26313/70600/70600, mean rms=0.433%, delta=0.568%, BCER train=0.943%, BWER train=3.093%, skip ratio=0.000%,
At iteration 26342/70700/70700, mean rms=0.436%, delta=0.577%, BCER train=0.959%, BWER train=3.090%, skip ratio=0.000%,
At iteration 26376/70800/70800, mean rms=0.455%, delta=0.613%, BCER train=0.981%, BWER train=3.254%, skip ratio=0.000%,
At iteration 26397/70900/70900, mean rms=0.441%, delta=0.576%, BCER train=0.951%, BWER train=3.222%, skip ratio=0.000%,
At iteration 26419/71000/71000, mean rms=0.428%, delta=0.538%, BCER train=0.918%, BWER train=3.318%, skip ratio=0.000%,
At iteration 26454/71100/71100, mean rms=0.426%, delta=0.533%, BCER train=0.925%, BWER train=3.343%, skip ratio=0.000%,
At iteration 26483/71200/71200, mean rms=0.421%, delta=0.520%, BCER train=0.894%, BWER train=3.306%, skip ratio=0.000%,
At iteration 26514/71300/71300, mean rms=0.434%, delta=0.558%, BCER train=0.944%, BWER train=3.368%, skip ratio=0.000%,
At iteration 26542/71400/71400, mean rms=0.435%, delta=0.549%, BCER train=0.916%, BWER train=3.289%, skip ratio=0.000%,
At iteration 26571/71500/71500, mean rms=0.443%, delta=0.574%, BCER train=0.988%, BWER train=3.169%, skip ratio=0.000%,
At iteration 26593/71600/71600, mean rms=0.435%, delta=0.545%, BCER train=0.990%, BWER train=3.118%, skip ratio=0.000%,
At iteration 26617/71700/71700, mean rms=0.431%, delta=0.534%, BCER train=0.987%, BWER train=3.119%, skip ratio=0.000%,
At iteration 26654/71800/71800, mean rms=0.429%, delta=0.559%, BCER train=1.035%, BWER train=3.178%, skip ratio=0.000%,
At iteration 26681/71900/71900, mean rms=0.431%, delta=0.543%, BCER train=1.029%, BWER train=3.197%, skip ratio=0.000%,
At iteration 26710/72000/72000, mean rms=0.439%, delta=0.559%, BCER train=1.000%, BWER train=3.069%, skip ratio=0.000%,
At iteration 26738/72100/72100, mean rms=0.440%, delta=0.585%, BCER train=0.996%, BWER train=3.198%, skip ratio=0.000%,
At iteration 26762/72200/72200, mean rms=0.435%, delta=0.567%, BCER train=0.982%, BWER train=3.116%, skip ratio=0.000%,
At iteration 26795/72300/72300, mean rms=0.436%, delta=0.563%, BCER train=1.013%, BWER train=3.261%, skip ratio=0.000%,
At iteration 26832/72400/72400, mean rms=0.446%, delta=0.596%, BCER train=1.077%, BWER train=3.423%, skip ratio=0.000%,
At iteration 26863/72500/72500, mean rms=0.435%, delta=0.552%, BCER train=1.036%, BWER train=3.545%, skip ratio=0.000%,
At iteration 26894/72600/72600, mean rms=0.450%, delta=0.602%, BCER train=1.135%, BWER train=3.801%, skip ratio=0.000%,
At iteration 26914/72700/72700, mean rms=0.444%, delta=0.582%, BCER train=1.115%, BWER train=3.756%, skip ratio=0.000%,
At iteration 26944/72800/72800, mean rms=0.442%, delta=0.571%, BCER train=1.073%, BWER train=3.716%, skip ratio=0.000%,
At iteration 26985/72900/72900, mean rms=0.457%, delta=0.616%, BCER train=1.104%, BWER train=3.733%, skip ratio=0.000%,
At iteration 27011/73000/73000, mean rms=0.459%, delta=0.631%, BCER train=1.172%, BWER train=3.786%, skip ratio=0.000%,
At iteration 27039/73100/73100, mean rms=0.451%, delta=0.592%, BCER train=1.134%, BWER train=3.586%, skip ratio=0.000%,
At iteration 27060/73200/73200, mean rms=0.453%, delta=0.597%, BCER train=1.145%, BWER train=3.665%, skip ratio=0.000%,
At iteration 27096/73300/73300, mean rms=0.458%, delta=0.605%, BCER train=1.138%, BWER train=3.603%, skip ratio=0.000%,
At iteration 27128/73400/73400, mean rms=0.447%, delta=0.569%, BCER train=1.095%, BWER train=3.531%, skip ratio=0.000%,
At iteration 27154/73500/73500, mean rms=0.439%, delta=0.559%, BCER train=1.039%, BWER train=3.286%, skip ratio=0.000%,
At iteration 27191/73600/73600, mean rms=0.441%, delta=0.560%, BCER train=0.999%, BWER train=3.236%, skip ratio=0.000%,
At iteration 27218/73700/73700, mean rms=0.451%, delta=0.585%, BCER train=1.058%, BWER train=3.292%, skip ratio=0.000%,
At iteration 27243/73800/73800, mean rms=0.448%, delta=0.572%, BCER train=1.080%, BWER train=3.263%, skip ratio=0.000%,
At iteration 27266/73900/73900, mean rms=0.433%, delta=0.540%, BCER train=1.068%, BWER train=3.213%, skip ratio=0.000%,
At iteration 27293/74000/74000, mean rms=0.428%, delta=0.521%, BCER train=0.995%, BWER train=3.197%, skip ratio=0.000%,
At iteration 27323/74100/74100, mean rms=0.439%, delta=0.559%, BCER train=1.047%, BWER train=3.341%, skip ratio=0.000%,
At iteration 27343/74200/74200, mean rms=0.440%, delta=0.580%, BCER train=1.076%, BWER train=3.231%, skip ratio=0.000%,
At iteration 27375/74300/74300, mean rms=0.425%, delta=0.536%, BCER train=1.045%, BWER train=3.200%, skip ratio=0.000%,
At iteration 27404/74400/74400, mean rms=0.428%, delta=0.561%, BCER train=1.055%, BWER train=3.238%, skip ratio=0.000%,
At iteration 27443/74500/74500, mean rms=0.451%, delta=0.638%, BCER train=1.171%, BWER train=3.390%, skip ratio=0.000%,
At iteration 27475/74600/74600, mean rms=0.452%, delta=0.657%, BCER train=1.272%, BWER train=3.488%, skip ratio=0.000%,
At iteration 27502/74700/74700, mean rms=0.446%, delta=0.639%, BCER train=1.230%, BWER train=3.499%, skip ratio=0.000%,
At iteration 27535/74800/74800, mean rms=0.449%, delta=0.645%, BCER train=1.226%, BWER train=3.475%, skip ratio=0.000%,
At iteration 27565/74900/74900, mean rms=0.457%, delta=0.658%, BCER train=1.257%, BWER train=3.496%, skip ratio=0.000%,
At iteration 27593/75000/75000, mean rms=0.457%, delta=0.666%, BCER train=1.281%, BWER train=3.539%, skip ratio=0.000%,
At iteration 27624/75100/75100, mean rms=0.460%, delta=0.682%, BCER train=1.303%, BWER train=3.533%, skip ratio=0.000%,
At iteration 27656/75200/75200, mean rms=0.468%, delta=0.680%, BCER train=1.344%, BWER train=3.743%, skip ratio=0.000%,
 wrote checkpoint.
At iteration 30715/84600/84600, mean rms=0.535%, delta=0.849%, BCER train=1.357%, BWER train=4.007%, skip ratio=0.000%, wrote checkpoint.
At iteration 30746/84700/84700, mean rms=0.530%, delta=0.826%, BCER train=1.322%, BWER train=3.952%, skip ratio=0.000%, wrote checkpoint.
At iteration 30776/84800/84800, mean rms=0.528%, delta=0.804%, BCER train=1.330%, BWER train=4.019%, skip ratio=0.000%, wrote checkpoint.
At iteration 30808/84900/84900, mean rms=0.527%, delta=0.794%, BCER train=1.271%, BWER train=3.958%, skip ratio=0.000%, wrote checkpoint.
At iteration 30835/85000/85000, mean rms=0.521%, delta=0.764%, BCER train=1.223%, BWER train=3.861%, skip ratio=0.000%, wrote checkpoint.
At iteration 30860/85100/85100, mean rms=0.501%, delta=0.711%, BCER train=1.187%, BWER train=3.713%, skip ratio=0.000%, wrote checkpoint.
At iteration 30881/85200/85200, mean rms=0.484%, delta=0.680%, BCER train=1.116%, BWER train=3.552%, skip ratio=0.000%, wrote checkpoint.
At iteration 30909/85300/85300, mean rms=0.472%, delta=0.648%, BCER train=1.022%, BWER train=3.356%, skip ratio=0.000%, wrote checkpoint.
At iteration 30939/85400/85400, mean rms=0.471%, delta=0.645%, BCER train=1.001%, BWER train=3.393%, skip ratio=0.000%, wrote checkpoint.
At iteration 30962/85500/85500, mean rms=0.448%, delta=0.565%, BCER train=0.917%, BWER train=3.135%, skip ratio=0.000%, wrote checkpoint.
At iteration 30990/85600/85600, mean rms=0.442%, delta=0.538%, BCER train=0.864%, BWER train=2.941%, skip ratio=0.000%, wrote checkpoint.
At iteration 31029/85700/85700, mean rms=0.458%, delta=0.600%, BCER train=0.938%, BWER train=3.112%, skip ratio=0.000%, wrote checkpoint.
At iteration 31059/85800/85800, mean rms=0.468%, delta=0.636%, BCER train=0.958%, BWER train=3.168%, skip ratio=0.000%, wrote checkpoint.
At iteration 31085/85900/85900, mean rms=0.460%, delta=0.623%, BCER train=0.961%, BWER train=3.117%, skip ratio=0.000%, wrote checkpoint.
At iteration 31137/86000/86000, mean rms=0.483%, delta=0.671%, BCER train=1.079%, BWER train=3.408%, skip ratio=0.000%, wrote checkpoint.
At iteration 31175/86100/86100, mean rms=0.499%, delta=0.708%, BCER train=1.142%, BWER train=3.638%, skip ratio=0.000%, wrote checkpoint.
At iteration 31211/86200/86200, mean rms=0.514%, delta=0.719%, BCER train=1.198%, BWER train=3.952%, skip ratio=0.000%, wrote checkpoint.
At iteration 31245/86300/86300, mean rms=0.530%, delta=0.758%, BCER train=1.307%, BWER train=4.156%, skip ratio=0.000%, wrote checkpoint.
At iteration 31276/86400/86400, mean rms=0.530%, delta=0.763%, BCER train=1.325%, BWER train=4.118%, skip ratio=0.000%, wrote checkpoint.
At iteration 31302/86500/86500, mean rms=0.534%, delta=0.794%, BCER train=1.336%, BWER train=4.136%, skip ratio=0.000%, wrote checkpoint.
UpdateSubtrainer:At iteration 27685/75300/75300, mean rms=0.472%, delta=0.689%, BCER train=1.333%, BWER train=3.760%, skip ratio=0.000%,
UpdateSubtrainer:At iteration 27713/75400/75400, mean rms=0.471%, delta=0.682%, BCER train=1.333%, BWER train=3.669%, skip ratio=0.000%,
UpdateSubtrainer:At iteration 27739/75500/75500, mean rms=0.447%, delta=0.597%, BCER train=1.203%, BWER train=3.480%, skip ratio=0.000%,
UpdateSubtrainer:At iteration 27776/75600/75600, mean rms=0.444%, delta=0.586%, BCER train=1.106%, BWER train=3.276%, skip ratio=0.000%,
UpdateSubtrainer:At iteration 27812/75700/75700, mean rms=0.453%, delta=0.618%, BCER train=1.106%, BWER train=3.298%, skip ratio=0.000%,
UpdateSubtrainer:At iteration 27847/75800/75800, mean rms=0.449%, delta=0.606%, BCER train=1.067%, BWER train=3.317%, skip ratio=0.000%,
UpdateSubtrainer:At iteration 27882/75900/75900, mean rms=0.459%, delta=0.645%, BCER train=1.079%, BWER train=3.345%, skip ratio=0.000%,
UpdateSubtrainer:At iteration 27911/76000/76000, mean rms=0.462%, delta=0.643%, BCER train=1.054%, BWER train=3.278%, skip ratio=0.000%,
UpdateSubtrainer:At iteration 27943/76100/76100, mean rms=0.443%, delta=0.571%, BCER train=0.940%, BWER train=3.144%, skip ratio=0.000%,
UpdateSubtrainer:At iteration 27969/76200/76200, mean rms=0.428%, delta=0.535%, BCER train=0.849%, BWER train=2.943%, skip ratio=0.000%,
UpdateSubtrainer:At iteration 27993/76300/76300, mean rms=0.423%, delta=0.517%, BCER train=0.820%, BWER train=2.844%, skip ratio=0.000%,
UpdateSubtrainer:At iteration 28010/76400/76400, mean rms=0.414%, delta=0.489%, BCER train=0.793%, BWER train=2.871%, skip ratio=0.000%,
UpdateSubtrainer:At iteration 28041/76500/76500, mean rms=0.421%, delta=0.499%, BCER train=0.837%, BWER train=2.951%, skip ratio=0.000%,
UpdateSubtrainer:At iteration 28067/76600/76600, mean rms=0.408%, delta=0.450%, BCER train=0.780%, BWER train=2.876%, skip ratio=0.000%,
UpdateSubtrainer:At iteration 28094/76700/76700, mean rms=0.406%, delta=0.443%, BCER train=0.795%, BWER train=2.826%, skip ratio=0.000%,
UpdateSubtrainer:At iteration 28133/76800/76800, mean rms=0.410%, delta=0.449%, BCER train=0.824%, BWER train=2.959%, skip ratio=0.000%,
UpdateSubtrainer:At iteration 28167/76900/76900, mean rms=0.404%, delta=0.433%, BCER train=0.813%, BWER train=2.965%, skip ratio=0.000%,
UpdateSubtrainer:At iteration 28203/77000/77000, mean rms=0.409%, delta=0.447%, BCER train=0.884%, BWER train=3.257%, skip ratio=0.000%,
UpdateSubtrainer:At iteration 28233/77100/77100, mean rms=0.422%, delta=0.506%, BCER train=0.929%, BWER train=3.330%, skip ratio=0.000%,
UpdateSubtrainer:At iteration 28263/77200/77200, mean rms=0.431%, delta=0.541%, BCER train=0.986%, BWER train=3.481%, skip ratio=0.000%,
UpdateSubtrainer:At iteration 28290/77300/77300, mean rms=0.435%, delta=0.559%, BCER train=1.015%, BWER train=3.497%, skip ratio=0.000%,
UpdateSubtrainer:At iteration 28319/77400/77400, mean rms=0.444%, delta=0.601%, BCER train=1.109%, BWER train=3.596%, skip ratio=0.000%,
UpdateSubtrainer:At iteration 28339/77500/77500, mean rms=0.436%, delta=0.598%, BCER train=1.084%, BWER train=3.524%, skip ratio=0.000%,
UpdateSubtrainer:At iteration 28358/77600/77600, mean rms=0.432%, delta=0.592%, BCER train=1.059%, BWER train=3.485%, skip ratio=0.000%,
UpdateSubtrainer:At iteration 28386/77700/77700, mean rms=0.429%, delta=0.573%, BCER train=1.042%, BWER train=3.502%, skip ratio=0.000%,
UpdateSubtrainer:At iteration 28417/77800/77800, mean rms=0.427%, delta=0.564%, BCER train=1.008%, BWER train=3.384%, skip ratio=0.000%,
UpdateSubtrainer:At iteration 28440/77900/77900, mean rms=0.417%, delta=0.527%, BCER train=0.966%, BWER train=3.264%, skip ratio=0.000%,
UpdateSubtrainer:At iteration 28467/78000/78000, mean rms=0.418%, delta=0.554%, BCER train=0.914%, BWER train=2.930%, skip ratio=0.000%,
UpdateSubtrainer:At iteration 28496/78100/78100, mean rms=0.413%, delta=0.512%, BCER train=0.930%, BWER train=2.914%, skip ratio=0.000%,
UpdateSubtrainer:At iteration 28528/78200/78200, mean rms=0.411%, delta=0.499%, BCER train=0.907%, BWER train=2.813%, skip ratio=0.000%,
UpdateSubtrainer:At iteration 28562/78300/78300, mean rms=0.424%, delta=0.535%, BCER train=0.979%, BWER train=2.913%, skip ratio=0.000%,
UpdateSubtrainer:At iteration 28591/78400/78400, mean rms=0.424%, delta=0.510%, BCER train=0.893%, BWER train=2.824%, skip ratio=0.000%,
UpdateSubtrainer:At iteration 28618/78500/78500, mean rms=0.436%, delta=0.536%, BCER train=0.922%, BWER train=3.022%, skip ratio=0.000%,
UpdateSubtrainer:At iteration 28649/78600/78600, mean rms=0.452%, delta=0.574%, BCER train=0.990%, BWER train=3.193%, skip ratio=0.000%,
UpdateSubtrainer:At iteration 28679/78700/78700, mean rms=0.459%, delta=0.595%, BCER train=1.010%, BWER train=3.278%, skip ratio=0.000%,
UpdateSubtrainer:At iteration 28703/78800/78800, mean rms=0.449%, delta=0.571%, BCER train=0.988%, BWER train=3.168%, skip ratio=0.000%,
UpdateSubtrainer:At iteration 28727/78900/78900, mean rms=0.445%, delta=0.562%, BCER train=0.977%, BWER train=3.163%, skip ratio=0.000%,
UpdateSubtrainer:At iteration 28758/79000/79000, mean rms=0.439%, delta=0.519%, BCER train=0.963%, BWER train=3.236%, skip ratio=0.000%,
UpdateSubtrainer:At iteration 28791/79100/79100, mean rms=0.441%, delta=0.524%, BCER train=0.949%, BWER train=3.347%, skip ratio=0.000%,
UpdateSubtrainer:At iteration 28820/79200/79200, mean rms=0.446%, delta=0.543%, BCER train=0.985%, BWER train=3.437%, skip ratio=0.000%,
UpdateSubtrainer:At iteration 28851/79300/79300, mean rms=0.441%, delta=0.531%, BCER train=0.966%, BWER train=3.498%, skip ratio=0.000%,
UpdateSubtrainer:At iteration 28874/79400/79400, mean rms=0.442%, delta=0.536%, BCER train=1.021%, BWER train=3.624%, skip ratio=0.000%,
UpdateSubtrainer:At iteration 28908/79500/79500, mean rms=0.440%, delta=0.524%, BCER train=1.019%, BWER train=3.501%, skip ratio=0.000%,
UpdateSubtrainer:At iteration 28945/79600/79600, mean rms=0.449%, delta=0.561%, BCER train=1.105%, BWER train=3.542%, skip ratio=0.000%,
UpdateSubtrainer:At iteration 28973/79700/79700, mean rms=0.448%, delta=0.578%, BCER train=1.105%, BWER train=3.461%, skip ratio=0.000%,
UpdateSubtrainer:At iteration 29003/79800/79800, mean rms=0.455%, delta=0.601%, BCER train=1.130%, BWER train=3.532%, skip ratio=0.000%,
UpdateSubtrainer:At iteration 29038/79900/79900, mean rms=0.464%, delta=0.627%, BCER train=1.177%, BWER train=3.613%, skip ratio=0.000%,
UpdateSubtrainer:At iteration 29062/80000/80000, mean rms=0.455%, delta=0.606%, BCER train=1.148%, BWER train=3.492%, skip ratio=0.000%,
UpdateSubtrainer:At iteration 29090/80100/80100, mean rms=0.448%, delta=0.601%, BCER train=1.109%, BWER train=3.357%, skip ratio=0.000%,
UpdateSubtrainer:At iteration 29121/80200/80200, mean rms=0.445%, delta=0.586%, BCER train=1.088%, BWER train=3.410%, skip ratio=0.000%,
UpdateSubtrainer:At iteration 29155/80300/80300, mean rms=0.443%, delta=0.571%, BCER train=1.058%, BWER train=3.374%, skip ratio=0.000%,
UpdateSubtrainer:At iteration 29184/80400/80400, mean rms=0.442%, delta=0.564%, BCER train=1.018%, BWER train=3.258%, skip ratio=0.000%,
UpdateSubtrainer:At iteration 29213/80500/80500, mean rms=0.445%, delta=0.600%, BCER train=1.006%, BWER train=3.279%, skip ratio=0.000%,
UpdateSubtrainer:At iteration 29249/80600/80600, mean rms=0.447%, delta=0.608%, BCER train=0.965%, BWER train=3.252%, skip ratio=0.000%,
UpdateSubtrainer:At iteration 29271/80700/80700, mean rms=0.437%, delta=0.562%, BCER train=0.933%, BWER train=3.208%, skip ratio=0.000%,
UpdateSubtrainer:At iteration 29306/80800/80800, mean rms=0.444%, delta=0.570%, BCER train=0.987%, BWER train=3.398%, skip ratio=0.000%,
UpdateSubtrainer:At iteration 29339/80900/80900, mean rms=0.447%, delta=0.580%, BCER train=0.984%, BWER train=3.376%, skip ratio=0.000%,
UpdateSubtrainer:At iteration 29370/81000/81000, mean rms=0.453%, delta=0.592%, BCER train=1.023%, BWER train=3.485%, skip ratio=0.000%,
UpdateSubtrainer:At iteration 29399/81100/81100, mean rms=0.461%, delta=0.613%, BCER train=1.069%, BWER train=3.492%, skip ratio=0.000%,
UpdateSubtrainer:At iteration 29433/81200/81200, mean rms=0.468%, delta=0.646%, BCER train=1.102%, BWER train=3.431%, skip ratio=0.000%,
UpdateSubtrainer:At iteration 29459/81300/81300, mean rms=0.462%, delta=0.639%, BCER train=1.080%, BWER train=3.340%, skip ratio=0.000%,
UpdateSubtrainer:At iteration 29479/81400/81400, mean rms=0.452%, delta=0.623%, BCER train=1.030%, BWER train=3.234%, skip ratio=0.000%,
UpdateSubtrainer:At iteration 29505/81500/81500, mean rms=0.446%, delta=0.581%, BCER train=1.009%, BWER train=3.174%, skip ratio=0.000%,
UpdateSubtrainer:At iteration 29538/81600/81600, mean rms=0.438%, delta=0.547%, BCER train=1.014%, BWER train=3.160%, skip ratio=0.000%,
UpdateSubtrainer:At iteration 29564/81700/81700, mean rms=0.440%, delta=0.544%, BCER train=1.035%, BWER train=3.197%, skip ratio=0.000%,
UpdateSubtrainer:At iteration 29588/81800/81800, mean rms=0.432%, delta=0.519%, BCER train=0.995%, BWER train=3.087%, skip ratio=0.000%,
UpdateSubtrainer:At iteration 29617/81900/81900, mean rms=0.425%, delta=0.504%, BCER train=0.951%, BWER train=2.990%, skip ratio=0.000%,
UpdateSubtrainer:At iteration 29651/82000/82000, mean rms=0.433%, delta=0.528%, BCER train=0.969%, BWER train=3.006%, skip ratio=0.000%,
UpdateSubtrainer:At iteration 29678/82100/82100, mean rms=0.432%, delta=0.518%, BCER train=0.956%, BWER train=3.039%, skip ratio=0.000%,
UpdateSubtrainer:At iteration 29713/82200/82200, mean rms=0.428%, delta=0.506%, BCER train=0.912%, BWER train=3.020%, skip ratio=0.000%,
UpdateSubtrainer:At iteration 29751/82300/82300, mean rms=0.438%, delta=0.550%, BCER train=0.949%, BWER train=3.026%, skip ratio=0.000%,
UpdateSubtrainer:At iteration 29778/82400/82400, mean rms=0.451%, delta=0.567%, BCER train=1.007%, BWER train=3.173%, skip ratio=0.000%,
UpdateSubtrainer:At iteration 29819/82500/82500, mean rms=0.465%, delta=0.610%, BCER train=1.048%, BWER train=3.277%, skip ratio=0.000%,
UpdateSubtrainer:At iteration 29854/82600/82600, mean rms=0.474%, delta=0.642%, BCER train=1.047%, BWER train=3.324%, skip ratio=0.000%,
UpdateSubtrainer:At iteration 29885/82700/82700, mean rms=0.479%, delta=0.678%, BCER train=1.044%, BWER train=3.357%, skip ratio=0.000%,
UpdateSubtrainer:At iteration 29906/82800/82800, mean rms=0.479%, delta=0.703%, BCER train=1.035%, BWER train=3.187%, skip ratio=0.000%,
UpdateSubtrainer:At iteration 29941/82900/82900, mean rms=0.487%, delta=0.725%, BCER train=1.112%, BWER train=3.431%, skip ratio=0.000%,
UpdateSubtrainer:At iteration 29970/83000/83000, mean rms=0.484%, delta=0.713%, BCER train=1.103%, BWER train=3.413%, skip ratio=0.000%,
UpdateSubtrainer:At iteration 29999/83100/83100, mean rms=0.485%, delta=0.728%, BCER train=1.097%, BWER train=3.345%, skip ratio=0.000%,
UpdateSubtrainer:At iteration 30036/83200/83200, mean rms=0.495%, delta=0.746%, BCER train=1.167%, BWER train=3.430%, skip ratio=0.000%,
UpdateSubtrainer:At iteration 30070/83300/83300, mean rms=0.488%, delta=0.713%, BCER train=1.152%, BWER train=3.473%, skip ratio=0.000%,
UpdateSubtrainer:At iteration 30104/83400/83400, mean rms=0.498%, delta=0.769%, BCER train=1.173%, BWER train=3.498%, skip ratio=0.000%,
UpdateSubtrainer:At iteration 30139/83500/83500, mean rms=0.490%, delta=0.742%, BCER train=1.155%, BWER train=3.499%, skip ratio=0.000%,
UpdateSubtrainer:At iteration 30172/83600/83600, mean rms=0.478%, delta=0.699%, BCER train=1.086%, BWER train=3.396%, skip ratio=0.000%,
UpdateSubtrainer:At iteration 30203/83700/83700, mean rms=0.478%, delta=0.680%, BCER train=1.090%, BWER train=3.353%, skip ratio=0.000%,
UpdateSubtrainer:At iteration 30230/83800/83800, mean rms=0.478%, delta=0.671%, BCER train=1.080%, BWER train=3.414%, skip ratio=0.000%,
UpdateSubtrainer:At iteration 30268/83900/83900, mean rms=0.484%, delta=0.685%, BCER train=1.057%, BWER train=3.395%, skip ratio=0.000%,
UpdateSubtrainer:At iteration 30301/84000/84000, mean rms=0.488%, delta=0.732%, BCER train=1.083%, BWER train=3.525%, skip ratio=0.000%,
UpdateSubtrainer:At iteration 30338/84100/84100, mean rms=0.499%, delta=0.755%, BCER train=1.097%, BWER train=3.584%, skip ratio=0.000%,
UpdateSubtrainer:At iteration 30371/84200/84200, mean rms=0.489%, delta=0.718%, BCER train=1.065%, BWER train=3.551%, skip ratio=0.000%,
UpdateSubtrainer:At iteration 30398/84300/84300, mean rms=0.496%, delta=0.740%, BCER train=1.068%, BWER train=3.586%, skip ratio=0.000%,
UpdateSubtrainer:At iteration 30426/84400/84400, mean rms=0.482%, delta=0.681%, BCER train=1.054%, BWER train=3.514%, skip ratio=0.000%,
UpdateSubtrainer:At iteration 30464/84500/84500, mean rms=0.494%, delta=0.732%, BCER train=1.114%, BWER train=3.549%, skip ratio=0.000%,
UpdateSubtrainer:At iteration 30488/84600/84600, mean rms=0.486%, delta=0.708%, BCER train=1.155%, BWER train=3.597%, skip ratio=0.000%,
UpdateSubtrainer:At iteration 30515/84700/84700, mean rms=0.476%, delta=0.688%, BCER train=1.117%, BWER train=3.590%, skip ratio=0.000%,
UpdateSubtrainer:At iteration 30537/84800/84800, mean rms=0.473%, delta=0.674%, BCER train=1.132%, BWER train=3.587%, skip ratio=0.000%,
UpdateSubtrainer:At iteration 30572/84900/84900, mean rms=0.467%, delta=0.647%, BCER train=1.107%, BWER train=3.489%, skip ratio=0.000%,
UpdateSubtrainer:At iteration 30603/85000/85000, mean rms=0.464%, delta=0.621%, BCER train=1.153%, BWER train=3.395%, skip ratio=0.000%,
UpdateSubtrainer:At iteration 30628/85100/85100, mean rms=0.446%, delta=0.579%, BCER train=1.138%, BWER train=3.342%, skip ratio=0.000%,
UpdateSubtrainer:At iteration 30645/85200/85200, mean rms=0.434%, delta=0.567%, BCER train=1.067%, BWER train=3.113%, skip ratio=0.000%,
UpdateSubtrainer:At iteration 30670/85300/85300, mean rms=0.423%, delta=0.530%, BCER train=1.032%, BWER train=2.995%, skip ratio=0.000%,
UpdateSubtrainer:At iteration 30703/85400/85400, mean rms=0.430%, delta=0.538%, BCER train=1.037%, BWER train=3.040%, skip ratio=0.000%,
UpdateSubtrainer:At iteration 30728/85500/85500, mean rms=0.409%, delta=0.459%, BCER train=0.948%, BWER train=2.922%, skip ratio=0.000%,
UpdateSubtrainer:At iteration 30762/85600/85600, mean rms=0.415%, delta=0.477%, BCER train=0.925%, BWER train=2.960%, skip ratio=0.000%,
UpdateSubtrainer:At iteration 30786/85700/85700, mean rms=0.422%, delta=0.483%, BCER train=0.941%, BWER train=3.004%, skip ratio=0.000%,
UpdateSubtrainer:At iteration 30812/85800/85800, mean rms=0.421%, delta=0.493%, BCER train=0.942%, BWER train=3.004%, skip ratio=0.000%,
UpdateSubtrainer:At iteration 30837/85900/85900, mean rms=0.410%, delta=0.466%, BCER train=0.914%, BWER train=2.846%, skip ratio=0.000%,
UpdateSubtrainer:At iteration 30884/86000/86000, mean rms=0.427%, delta=0.512%, BCER train=0.924%, BWER train=3.142%, skip ratio=0.000%,
UpdateSubtrainer:At iteration 30911/86100/86100, mean rms=0.435%, delta=0.520%, BCER train=0.917%, BWER train=3.162%, skip ratio=0.000%,
UpdateSubtrainer:At iteration 30938/86200/86200, mean rms=0.445%, delta=0.536%, BCER train=0.991%, BWER train=3.363%, skip ratio=0.000%,
UpdateSubtrainer:At iteration 30966/86300/86300, mean rms=0.454%, delta=0.578%, BCER train=1.057%, BWER train=3.481%, skip ratio=0.000%,
UpdateSubtrainer:At iteration 30994/86400/86400, mean rms=0.449%, delta=0.567%, BCER train=1.023%, BWER train=3.425%, skip ratio=0.000%,
UpdateSubtrainer:At iteration 31020/86500/86500, mean rms=0.450%, delta=0.585%, BCER train=1.007%, BWER train=3.367%, skip ratio=0.000%,
UpdateSubtrainer:At iteration 31056/86600/86600, mean rms=0.453%, delta=0.586%, BCER train=1.034%, BWER train=3.421%, skip ratio=0.000%,
Warning: LSTMTrainer deserialized an LSTMRecognizer!
At iteration 31342/86600/86600, mean rms=0.547%, delta=0.830%, BCER train=1.399%, BWER train=4.300%, skip ratio=0.000%, sub_trainer=1.344 margin=4.092
At iteration 27685/75300/75300, mean rms=0.472%, delta=0.689%, BCER train=1.333%, BWER train=3.760%, skip ratio=0.000%,
At iteration 27713/75400/75400, mean rms=0.471%, delta=0.682%, BCER train=1.333%, BWER train=3.669%, skip ratio=0.000%,
At iteration 27739/75500/75500, mean rms=0.447%, delta=0.597%, BCER train=1.203%, BWER train=3.480%, skip ratio=0.000%,
At iteration 27776/75600/75600, mean rms=0.444%, delta=0.586%, BCER train=1.106%, BWER train=3.276%, skip ratio=0.000%,
At iteration 27812/75700/75700, mean rms=0.453%, delta=0.618%, BCER train=1.106%, BWER train=3.298%, skip ratio=0.000%,
At iteration 27847/75800/75800, mean rms=0.449%, delta=0.606%, BCER train=1.067%, BWER train=3.317%, skip ratio=0.000%,
At iteration 27882/75900/75900, mean rms=0.459%, delta=0.645%, BCER train=1.079%, BWER train=3.345%, skip ratio=0.000%,
At iteration 27911/76000/76000, mean rms=0.462%, delta=0.643%, BCER train=1.054%, BWER train=3.278%, skip ratio=0.000%,
At iteration 27943/76100/76100, mean rms=0.443%, delta=0.571%, BCER train=0.940%, BWER train=3.144%, skip ratio=0.000%,
At iteration 27969/76200/76200, mean rms=0.428%, delta=0.535%, BCER train=0.849%, BWER train=2.943%, skip ratio=0.000%,
At iteration 27993/76300/76300, mean rms=0.423%, delta=0.517%, BCER train=0.820%, BWER train=2.844%, skip ratio=0.000%,
At iteration 28010/76400/76400, mean rms=0.414%, delta=0.489%, BCER train=0.793%, BWER train=2.871%, skip ratio=0.000%,
At iteration 28041/76500/76500, mean rms=0.421%, delta=0.499%, BCER train=0.837%, BWER train=2.951%, skip ratio=0.000%,
At iteration 28067/76600/76600, mean rms=0.408%, delta=0.450%, BCER train=0.780%, BWER train=2.876%, skip ratio=0.000%,
At iteration 28094/76700/76700, mean rms=0.406%, delta=0.443%, BCER train=0.795%, BWER train=2.826%, skip ratio=0.000%,
At iteration 28133/76800/76800, mean rms=0.410%, delta=0.449%, BCER train=0.824%, BWER train=2.959%, skip ratio=0.000%,
At iteration 28167/76900/76900, mean rms=0.404%, delta=0.433%, BCER train=0.813%, BWER train=2.965%, skip ratio=0.000%,
At iteration 28203/77000/77000, mean rms=0.409%, delta=0.447%, BCER train=0.884%, BWER train=3.257%, skip ratio=0.000%,
At iteration 28233/77100/77100, mean rms=0.422%, delta=0.506%, BCER train=0.929%, BWER train=3.330%, skip ratio=0.000%,
At iteration 28263/77200/77200, mean rms=0.431%, delta=0.541%, BCER train=0.986%, BWER train=3.481%, skip ratio=0.000%,
At iteration 28290/77300/77300, mean rms=0.435%, delta=0.559%, BCER train=1.015%, BWER train=3.497%, skip ratio=0.000%,
At iteration 28319/77400/77400, mean rms=0.444%, delta=0.601%, BCER train=1.109%, BWER train=3.596%, skip ratio=0.000%,
At iteration 28339/77500/77500, mean rms=0.436%, delta=0.598%, BCER train=1.084%, BWER train=3.524%, skip ratio=0.000%,
At iteration 28358/77600/77600, mean rms=0.432%, delta=0.592%, BCER train=1.059%, BWER train=3.485%, skip ratio=0.000%,
At iteration 28386/77700/77700, mean rms=0.429%, delta=0.573%, BCER train=1.042%, BWER train=3.502%, skip ratio=0.000%,
At iteration 28417/77800/77800, mean rms=0.427%, delta=0.564%, BCER train=1.008%, BWER train=3.384%, skip ratio=0.000%,
At iteration 28440/77900/77900, mean rms=0.417%, delta=0.527%, BCER train=0.966%, BWER train=3.264%, skip ratio=0.000%,
At iteration 28467/78000/78000, mean rms=0.418%, delta=0.554%, BCER train=0.914%, BWER train=2.930%, skip ratio=0.000%,
At iteration 28496/78100/78100, mean rms=0.413%, delta=0.512%, BCER train=0.930%, BWER train=2.914%, skip ratio=0.000%,
At iteration 28528/78200/78200, mean rms=0.411%, delta=0.499%, BCER train=0.907%, BWER train=2.813%, skip ratio=0.000%,
At iteration 28562/78300/78300, mean rms=0.424%, delta=0.535%, BCER train=0.979%, BWER train=2.913%, skip ratio=0.000%,
At iteration 28591/78400/78400, mean rms=0.424%, delta=0.510%, BCER train=0.893%, BWER train=2.824%, skip ratio=0.000%,
At iteration 28618/78500/78500, mean rms=0.436%, delta=0.536%, BCER train=0.922%, BWER train=3.022%, skip ratio=0.000%,
At iteration 28649/78600/78600, mean rms=0.452%, delta=0.574%, BCER train=0.990%, BWER train=3.193%, skip ratio=0.000%,
At iteration 28679/78700/78700, mean rms=0.459%, delta=0.595%, BCER train=1.010%, BWER train=3.278%, skip ratio=0.000%,
At iteration 28703/78800/78800, mean rms=0.449%, delta=0.571%, BCER train=0.988%, BWER train=3.168%, skip ratio=0.000%,
At iteration 28727/78900/78900, mean rms=0.445%, delta=0.562%, BCER train=0.977%, BWER train=3.163%, skip ratio=0.000%,
At iteration 28758/79000/79000, mean rms=0.439%, delta=0.519%, BCER train=0.963%, BWER train=3.236%, skip ratio=0.000%,
At iteration 28791/79100/79100, mean rms=0.441%, delta=0.524%, BCER train=0.949%, BWER train=3.347%, skip ratio=0.000%,
At iteration 28820/79200/79200, mean rms=0.446%, delta=0.543%, BCER train=0.985%, BWER train=3.437%, skip ratio=0.000%,
At iteration 28851/79300/79300, mean rms=0.441%, delta=0.531%, BCER train=0.966%, BWER train=3.498%, skip ratio=0.000%,
At iteration 28874/79400/79400, mean rms=0.442%, delta=0.536%, BCER train=1.021%, BWER train=3.624%, skip ratio=0.000%,
At iteration 28908/79500/79500, mean rms=0.440%, delta=0.524%, BCER train=1.019%, BWER train=3.501%, skip ratio=0.000%,
At iteration 28945/79600/79600, mean rms=0.449%, delta=0.561%, BCER train=1.105%, BWER train=3.542%, skip ratio=0.000%,
At iteration 28973/79700/79700, mean rms=0.448%, delta=0.578%, BCER train=1.105%, BWER train=3.461%, skip ratio=0.000%,
At iteration 29003/79800/79800, mean rms=0.455%, delta=0.601%, BCER train=1.130%, BWER train=3.532%, skip ratio=0.000%,
At iteration 29038/79900/79900, mean rms=0.464%, delta=0.627%, BCER train=1.177%, BWER train=3.613%, skip ratio=0.000%,
At iteration 29062/80000/80000, mean rms=0.455%, delta=0.606%, BCER train=1.148%, BWER train=3.492%, skip ratio=0.000%,
At iteration 29090/80100/80100, mean rms=0.448%, delta=0.601%, BCER train=1.109%, BWER train=3.357%, skip ratio=0.000%,
At iteration 29121/80200/80200, mean rms=0.445%, delta=0.586%, BCER train=1.088%, BWER train=3.410%, skip ratio=0.000%,
At iteration 29155/80300/80300, mean rms=0.443%, delta=0.571%, BCER train=1.058%, BWER train=3.374%, skip ratio=0.000%,
At iteration 29184/80400/80400, mean rms=0.442%, delta=0.564%, BCER train=1.018%, BWER train=3.258%, skip ratio=0.000%,
At iteration 29213/80500/80500, mean rms=0.445%, delta=0.600%, BCER train=1.006%, BWER train=3.279%, skip ratio=0.000%,
At iteration 29249/80600/80600, mean rms=0.447%, delta=0.608%, BCER train=0.965%, BWER train=3.252%, skip ratio=0.000%,
At iteration 29271/80700/80700, mean rms=0.437%, delta=0.562%, BCER train=0.933%, BWER train=3.208%, skip ratio=0.000%,
At iteration 29306/80800/80800, mean rms=0.444%, delta=0.570%, BCER train=0.987%, BWER train=3.398%, skip ratio=0.000%,
At iteration 29339/80900/80900, mean rms=0.447%, delta=0.580%, BCER train=0.984%, BWER train=3.376%, skip ratio=0.000%,
At iteration 29370/81000/81000, mean rms=0.453%, delta=0.592%, BCER train=1.023%, BWER train=3.485%, skip ratio=0.000%,
At iteration 29399/81100/81100, mean rms=0.461%, delta=0.613%, BCER train=1.069%, BWER train=3.492%, skip ratio=0.000%,
At iteration 29433/81200/81200, mean rms=0.468%, delta=0.646%, BCER train=1.102%, BWER train=3.431%, skip ratio=0.000%,
At iteration 29459/81300/81300, mean rms=0.462%, delta=0.639%, BCER train=1.080%, BWER train=3.340%, skip ratio=0.000%,
At iteration 29479/81400/81400, mean rms=0.452%, delta=0.623%, BCER train=1.030%, BWER train=3.234%, skip ratio=0.000%,
At iteration 29505/81500/81500, mean rms=0.446%, delta=0.581%, BCER train=1.009%, BWER train=3.174%, skip ratio=0.000%,
At iteration 29538/81600/81600, mean rms=0.438%, delta=0.547%, BCER train=1.014%, BWER train=3.160%, skip ratio=0.000%,
At iteration 29564/81700/81700, mean rms=0.440%, delta=0.544%, BCER train=1.035%, BWER train=3.197%, skip ratio=0.000%,
At iteration 29588/81800/81800, mean rms=0.432%, delta=0.519%, BCER train=0.995%, BWER train=3.087%, skip ratio=0.000%,
At iteration 29617/81900/81900, mean rms=0.425%, delta=0.504%, BCER train=0.951%, BWER train=2.990%, skip ratio=0.000%,
At iteration 29651/82000/82000, mean rms=0.433%, delta=0.528%, BCER train=0.969%, BWER train=3.006%, skip ratio=0.000%,
At iteration 29678/82100/82100, mean rms=0.432%, delta=0.518%, BCER train=0.956%, BWER train=3.039%, skip ratio=0.000%,
At iteration 29713/82200/82200, mean rms=0.428%, delta=0.506%, BCER train=0.912%, BWER train=3.020%, skip ratio=0.000%,
At iteration 29751/82300/82300, mean rms=0.438%, delta=0.550%, BCER train=0.949%, BWER train=3.026%, skip ratio=0.000%,
At iteration 29778/82400/82400, mean rms=0.451%, delta=0.567%, BCER train=1.007%, BWER train=3.173%, skip ratio=0.000%,
At iteration 29819/82500/82500, mean rms=0.465%, delta=0.610%, BCER train=1.048%, BWER train=3.277%, skip ratio=0.000%,
At iteration 29854/82600/82600, mean rms=0.474%, delta=0.642%, BCER train=1.047%, BWER train=3.324%, skip ratio=0.000%,
At iteration 29885/82700/82700, mean rms=0.479%, delta=0.678%, BCER train=1.044%, BWER train=3.357%, skip ratio=0.000%,
At iteration 29906/82800/82800, mean rms=0.479%, delta=0.703%, BCER train=1.035%, BWER train=3.187%, skip ratio=0.000%,
At iteration 29941/82900/82900, mean rms=0.487%, delta=0.725%, BCER train=1.112%, BWER train=3.431%, skip ratio=0.000%,
At iteration 29970/83000/83000, mean rms=0.484%, delta=0.713%, BCER train=1.103%, BWER train=3.413%, skip ratio=0.000%,
At iteration 29999/83100/83100, mean rms=0.485%, delta=0.728%, BCER train=1.097%, BWER train=3.345%, skip ratio=0.000%,
At iteration 30036/83200/83200, mean rms=0.495%, delta=0.746%, BCER train=1.167%, BWER train=3.430%, skip ratio=0.000%,
At iteration 30070/83300/83300, mean rms=0.488%, delta=0.713%, BCER train=1.152%, BWER train=3.473%, skip ratio=0.000%,
At iteration 30104/83400/83400, mean rms=0.498%, delta=0.769%, BCER train=1.173%, BWER train=3.498%, skip ratio=0.000%,
At iteration 30139/83500/83500, mean rms=0.490%, delta=0.742%, BCER train=1.155%, BWER train=3.499%, skip ratio=0.000%,
At iteration 30172/83600/83600, mean rms=0.478%, delta=0.699%, BCER train=1.086%, BWER train=3.396%, skip ratio=0.000%,
At iteration 30203/83700/83700, mean rms=0.478%, delta=0.680%, BCER train=1.090%, BWER train=3.353%, skip ratio=0.000%,
At iteration 30230/83800/83800, mean rms=0.478%, delta=0.671%, BCER train=1.080%, BWER train=3.414%, skip ratio=0.000%,
At iteration 30268/83900/83900, mean rms=0.484%, delta=0.685%, BCER train=1.057%, BWER train=3.395%, skip ratio=0.000%,
At iteration 30301/84000/84000, mean rms=0.488%, delta=0.732%, BCER train=1.083%, BWER train=3.525%, skip ratio=0.000%,
At iteration 30338/84100/84100, mean rms=0.499%, delta=0.755%, BCER train=1.097%, BWER train=3.584%, skip ratio=0.000%,
At iteration 30371/84200/84200, mean rms=0.489%, delta=0.718%, BCER train=1.065%, BWER train=3.551%, skip ratio=0.000%,
At iteration 30398/84300/84300, mean rms=0.496%, delta=0.740%, BCER train=1.068%, BWER train=3.586%, skip ratio=0.000%,
At iteration 30426/84400/84400, mean rms=0.482%, delta=0.681%, BCER train=1.054%, BWER train=3.514%, skip ratio=0.000%,
At iteration 30464/84500/84500, mean rms=0.494%, delta=0.732%, BCER train=1.114%, BWER train=3.549%, skip ratio=0.000%,
At iteration 30488/84600/84600, mean rms=0.486%, delta=0.708%, BCER train=1.155%, BWER train=3.597%, skip ratio=0.000%,
At iteration 30515/84700/84700, mean rms=0.476%, delta=0.688%, BCER train=1.117%, BWER train=3.590%, skip ratio=0.000%,
At iteration 30537/84800/84800, mean rms=0.473%, delta=0.674%, BCER train=1.132%, BWER train=3.587%, skip ratio=0.000%,
At iteration 30572/84900/84900, mean rms=0.467%, delta=0.647%, BCER train=1.107%, BWER train=3.489%, skip ratio=0.000%,
At iteration 30603/85000/85000, mean rms=0.464%, delta=0.621%, BCER train=1.153%, BWER train=3.395%, skip ratio=0.000%,
At iteration 30628/85100/85100, mean rms=0.446%, delta=0.579%, BCER train=1.138%, BWER train=3.342%, skip ratio=0.000%,
At iteration 30645/85200/85200, mean rms=0.434%, delta=0.567%, BCER train=1.067%, BWER train=3.113%, skip ratio=0.000%,
At iteration 30670/85300/85300, mean rms=0.423%, delta=0.530%, BCER train=1.032%, BWER train=2.995%, skip ratio=0.000%,
At iteration 30703/85400/85400, mean rms=0.430%, delta=0.538%, BCER train=1.037%, BWER train=3.040%, skip ratio=0.000%,
At iteration 30728/85500/85500, mean rms=0.409%, delta=0.459%, BCER train=0.948%, BWER train=2.922%, skip ratio=0.000%,
At iteration 30762/85600/85600, mean rms=0.415%, delta=0.477%, BCER train=0.925%, BWER train=2.960%, skip ratio=0.000%,
At iteration 30786/85700/85700, mean rms=0.422%, delta=0.483%, BCER train=0.941%, BWER train=3.004%, skip ratio=0.000%,
At iteration 30812/85800/85800, mean rms=0.421%, delta=0.493%, BCER train=0.942%, BWER train=3.004%, skip ratio=0.000%,
At iteration 30837/85900/85900, mean rms=0.410%, delta=0.466%, BCER train=0.914%, BWER train=2.846%, skip ratio=0.000%,
At iteration 30884/86000/86000, mean rms=0.427%, delta=0.512%, BCER train=0.924%, BWER train=3.142%, skip ratio=0.000%,
At iteration 30911/86100/86100, mean rms=0.435%, delta=0.520%, BCER train=0.917%, BWER train=3.162%, skip ratio=0.000%,
At iteration 30938/86200/86200, mean rms=0.445%, delta=0.536%, BCER train=0.991%, BWER train=3.363%, skip ratio=0.000%,
At iteration 30966/86300/86300, mean rms=0.454%, delta=0.578%, BCER train=1.057%, BWER train=3.481%, skip ratio=0.000%,
At iteration 30994/86400/86400, mean rms=0.449%, delta=0.567%, BCER train=1.023%, BWER train=3.425%, skip ratio=0.000%,
At iteration 31020/86500/86500, mean rms=0.450%, delta=0.585%, BCER train=1.007%, BWER train=3.367%, skip ratio=0.000%,
At iteration 31056/86600/86600, mean rms=0.453%, delta=0.586%, BCER train=1.034%, BWER train=3.421%, skip ratio=0.000%,
 New worst BCER = 1.399At iteration 21097, stage 1, BCER eval=0.947, BWER eval=3.280 wrote checkpoint.
UpdateSubtrainer:At iteration 31078/86700/86700, mean rms=0.449%, delta=0.584%, BCER train=1.012%, BWER train=3.363%, skip ratio=0.000%,
At iteration 31367/86700/86700, mean rms=0.528%, delta=0.760%, BCER train=1.332%, BWER train=4.117%, skip ratio=0.000%, sub_trainer=1.034 margin=28.820
At iteration 31078/86700/86700, mean rms=0.449%, delta=0.584%, BCER train=1.012%, BWER train=3.363%, skip ratio=0.000%,
 wrote checkpoint.
UpdateSubtrainer:At iteration 31109/86800/86800, mean rms=0.457%, delta=0.612%, BCER train=1.028%, BWER train=3.355%, skip ratio=0.000%,
At iteration 31399/86800/86800, mean rms=0.525%, delta=0.742%, BCER train=1.324%, BWER train=4.034%, skip ratio=0.000%, sub_trainer=1.012 margin=30.830
At iteration 31109/86800/86800, mean rms=0.457%, delta=0.612%, BCER train=1.028%, BWER train=3.355%, skip ratio=0.000%,
 wrote checkpoint.
UpdateSubtrainer:At iteration 31134/86900/86900, mean rms=0.462%, delta=0.634%, BCER train=1.040%, BWER train=3.392%, skip ratio=0.000%,
At iteration 31423/86900/86900, mean rms=0.526%, delta=0.766%, BCER train=1.342%, BWER train=3.974%, skip ratio=0.000%, sub_trainer=1.028 margin=30.545
At iteration 31134/86900/86900, mean rms=0.462%, delta=0.634%, BCER train=1.040%, BWER train=3.392%, skip ratio=0.000%,
 wrote checkpoint.
UpdateSubtrainer:At iteration 31156/87000/87000, mean rms=0.435%, delta=0.570%, BCER train=0.954%, BWER train=2.947%, skip ratio=0.000%,
At iteration 31455/87000/87000, mean rms=0.499%, delta=0.716%, BCER train=1.253%, BWER train=3.800%, skip ratio=0.000%, sub_trainer=1.040 margin=20.481
At iteration 31156/87000/87000, mean rms=0.435%, delta=0.570%, BCER train=0.954%, BWER train=2.947%, skip ratio=0.000%,
 wrote checkpoint.
UpdateSubtrainer:At iteration 31179/87100/87100, mean rms=0.428%, delta=0.553%, BCER train=0.950%, BWER train=2.909%, skip ratio=0.000%,
At iteration 31483/87100/87100, mean rms=0.489%, delta=0.685%, BCER train=1.194%, BWER train=3.673%, skip ratio=0.000%, sub_trainer=0.954 margin=25.157
At iteration 31179/87100/87100, mean rms=0.428%, delta=0.553%, BCER train=0.950%, BWER train=2.909%, skip ratio=0.000%,
 wrote checkpoint.
UpdateSubtrainer:At iteration 31209/87200/87200, mean rms=0.421%, delta=0.530%, BCER train=0.892%, BWER train=2.818%, skip ratio=0.000%,
At iteration 31510/87200/87200, mean rms=0.477%, delta=0.666%, BCER train=1.148%, BWER train=3.359%, skip ratio=0.000%, sub_trainer=0.950 margin=20.842
At iteration 31209/87200/87200, mean rms=0.421%, delta=0.530%, BCER train=0.892%, BWER train=2.818%, skip ratio=0.000%,
 wrote checkpoint.
UpdateSubtrainer:At iteration 31238/87300/87300, mean rms=0.420%, delta=0.527%, BCER train=0.890%, BWER train=2.798%, skip ratio=0.000%,
At iteration 31532/87300/87300, mean rms=0.456%, delta=0.619%, BCER train=1.047%, BWER train=3.171%, skip ratio=0.000%, sub_trainer=0.892 margin=17.377
At iteration 31238/87300/87300, mean rms=0.420%, delta=0.527%, BCER train=0.890%, BWER train=2.798%, skip ratio=0.000%,
 wrote checkpoint.
UpdateSubtrainer:At iteration 31262/87400/87400, mean rms=0.419%, delta=0.545%, BCER train=0.877%, BWER train=2.704%, skip ratio=0.000%,
At iteration 31553/87400/87400, mean rms=0.445%, delta=0.599%, BCER train=1.013%, BWER train=3.053%, skip ratio=0.000%, sub_trainer=0.890 margin=13.820
At iteration 31262/87400/87400, mean rms=0.419%, delta=0.545%, BCER train=0.877%, BWER train=2.704%, skip ratio=0.000%,
 wrote checkpoint.
UpdateSubtrainer:At iteration 31297/87500/87500, mean rms=0.432%, delta=0.577%, BCER train=0.912%, BWER train=2.797%, skip ratio=0.000%,
At iteration 31580/87500/87500, mean rms=0.445%, delta=0.582%, BCER train=1.030%, BWER train=3.110%, skip ratio=0.000%, sub_trainer=0.877 margin=17.446
At iteration 31297/87500/87500, mean rms=0.432%, delta=0.577%, BCER train=0.912%, BWER train=2.797%, skip ratio=0.000%,
 wrote checkpoint.
UpdateSubtrainer:At iteration 31333/87600/87600, mean rms=0.434%, delta=0.586%, BCER train=0.915%, BWER train=2.751%, skip ratio=0.000%,
At iteration 31614/87600/87600, mean rms=0.441%, delta=0.584%, BCER train=1.016%, BWER train=2.965%, skip ratio=0.000%, sub_trainer=0.912 margin=11.404
At iteration 31333/87600/87600, mean rms=0.434%, delta=0.586%, BCER train=0.915%, BWER train=2.751%, skip ratio=0.000%,
 wrote checkpoint.
UpdateSubtrainer:At iteration 31356/87700/87700, mean rms=0.433%, delta=0.570%, BCER train=0.916%, BWER train=2.751%, skip ratio=0.000%,
At iteration 31644/87700/87700, mean rms=0.445%, delta=0.601%, BCER train=0.999%, BWER train=2.953%, skip ratio=0.000%, sub_trainer=0.915 margin=9.180
At iteration 31356/87700/87700, mean rms=0.433%, delta=0.570%, BCER train=0.916%, BWER train=2.751%, skip ratio=0.000%,
 wrote checkpoint.
UpdateSubtrainer:At iteration 31385/87800/87800, mean rms=0.431%, delta=0.540%, BCER train=0.946%, BWER train=2.834%, skip ratio=0.000%,
At iteration 31675/87800/87800, mean rms=0.444%, delta=0.604%, BCER train=1.035%, BWER train=3.077%, skip ratio=0.000%, sub_trainer=0.916 margin=12.991
At iteration 31385/87800/87800, mean rms=0.431%, delta=0.540%, BCER train=0.946%, BWER train=2.834%, skip ratio=0.000%,
 wrote checkpoint.
UpdateSubtrainer:At iteration 31416/87900/87900, mean rms=0.431%, delta=0.529%, BCER train=0.954%, BWER train=2.911%, skip ratio=0.000%,
At iteration 31715/87900/87900, mean rms=0.460%, delta=0.640%, BCER train=1.059%, BWER train=3.222%, skip ratio=0.000%, sub_trainer=0.946 margin=11.945
At iteration 31416/87900/87900, mean rms=0.431%, delta=0.529%, BCER train=0.954%, BWER train=2.911%, skip ratio=0.000%,
 wrote checkpoint.
UpdateSubtrainer:At iteration 31436/88000/88000, mean rms=0.431%, delta=0.516%, BCER train=0.915%, BWER train=2.922%, skip ratio=0.000%,
At iteration 31742/88000/88000, mean rms=0.461%, delta=0.632%, BCER train=1.014%, BWER train=3.074%, skip ratio=0.000%, sub_trainer=0.954 margin=6.289
At iteration 31436/88000/88000, mean rms=0.431%, delta=0.516%, BCER train=0.915%, BWER train=2.922%, skip ratio=0.000%,
 wrote checkpoint.
UpdateSubtrainer:At iteration 31466/88100/88100, mean rms=0.440%, delta=0.536%, BCER train=0.983%, BWER train=3.060%, skip ratio=0.000%,
At iteration 31775/88100/88100, mean rms=0.471%, delta=0.670%, BCER train=1.063%, BWER train=3.207%, skip ratio=0.000%, sub_trainer=0.915 margin=16.175
At iteration 31466/88100/88100, mean rms=0.440%, delta=0.536%, BCER train=0.983%, BWER train=3.060%, skip ratio=0.000%,
 wrote checkpoint.
UpdateSubtrainer:At iteration 31502/88200/88200, mean rms=0.455%, delta=0.585%, BCER train=1.045%, BWER train=3.122%, skip ratio=0.000%,
At iteration 31808/88200/88200, mean rms=0.486%, delta=0.731%, BCER train=1.085%, BWER train=3.297%, skip ratio=0.000%, sub_trainer=0.983 margin=10.376
At iteration 31502/88200/88200, mean rms=0.455%, delta=0.585%, BCER train=1.045%, BWER train=3.122%, skip ratio=0.000%,
 wrote checkpoint.
UpdateSubtrainer:At iteration 31526/88300/88300, mean rms=0.441%, delta=0.536%, BCER train=0.989%, BWER train=2.998%, skip ratio=0.000%,
At iteration 31838/88300/88300, mean rms=0.486%, delta=0.716%, BCER train=1.098%, BWER train=3.272%, skip ratio=0.000%, sub_trainer=1.045 margin=5.072
At iteration 31526/88300/88300, mean rms=0.441%, delta=0.536%, BCER train=0.989%, BWER train=2.998%, skip ratio=0.000%,
 wrote checkpoint.
UpdateSubtrainer:At iteration 31551/88400/88400, mean rms=0.445%, delta=0.537%, BCER train=1.032%, BWER train=3.213%, skip ratio=0.000%,
At iteration 31868/88400/88400, mean rms=0.502%, delta=0.772%, BCER train=1.189%, BWER train=3.535%, skip ratio=0.000%, sub_trainer=0.989 margin=20.222
At iteration 31551/88400/88400, mean rms=0.445%, delta=0.537%, BCER train=1.032%, BWER train=3.213%, skip ratio=0.000%,
 wrote checkpoint.
UpdateSubtrainer:At iteration 31589/88500/88500, mean rms=0.449%, delta=0.529%, BCER train=1.101%, BWER train=3.418%, skip ratio=0.000%,
At iteration 31905/88500/88500, mean rms=0.513%, delta=0.794%, BCER train=1.225%, BWER train=3.691%, skip ratio=0.000%, sub_trainer=1.032 margin=18.702
At iteration 31589/88500/88500, mean rms=0.449%, delta=0.529%, BCER train=1.101%, BWER train=3.418%, skip ratio=0.000%,
 wrote checkpoint.
UpdateSubtrainer:At iteration 31625/88600/88600, mean rms=0.446%, delta=0.518%, BCER train=1.062%, BWER train=3.357%, skip ratio=0.000%,
At iteration 31942/88600/88600, mean rms=0.512%, delta=0.781%, BCER train=1.249%, BWER train=3.701%, skip ratio=0.000%, sub_trainer=1.101 margin=13.442
At iteration 31625/88600/88600, mean rms=0.446%, delta=0.518%, BCER train=1.062%, BWER train=3.357%, skip ratio=0.000%,
 wrote checkpoint.
UpdateSubtrainer:At iteration 31656/88700/88700, mean rms=0.457%, delta=0.563%, BCER train=1.141%, BWER train=3.442%, skip ratio=0.000%,
At iteration 31975/88700/88700, mean rms=0.518%, delta=0.799%, BCER train=1.329%, BWER train=3.766%, skip ratio=0.000%, sub_trainer=1.062 margin=25.141
At iteration 31656/88700/88700, mean rms=0.457%, delta=0.563%, BCER train=1.141%, BWER train=3.442%, skip ratio=0.000%,
 wrote checkpoint.
UpdateSubtrainer:At iteration 31684/88800/88800, mean rms=0.466%, delta=0.609%, BCER train=1.161%, BWER train=3.462%, skip ratio=0.000%,
At iteration 32008/88800/88800, mean rms=0.519%, delta=0.802%, BCER train=1.294%, BWER train=3.720%, skip ratio=0.000%, sub_trainer=1.141 margin=13.409
At iteration 31684/88800/88800, mean rms=0.466%, delta=0.609%, BCER train=1.161%, BWER train=3.462%, skip ratio=0.000%,
 wrote checkpoint.
UpdateSubtrainer:At iteration 31713/88900/88900, mean rms=0.469%, delta=0.627%, BCER train=1.167%, BWER train=3.434%, skip ratio=0.000%,
At iteration 32038/88900/88900, mean rms=0.502%, delta=0.737%, BCER train=1.257%, BWER train=3.605%, skip ratio=0.000%, sub_trainer=1.161 margin=8.269
At iteration 31713/88900/88900, mean rms=0.469%, delta=0.627%, BCER train=1.167%, BWER train=3.434%, skip ratio=0.000%,
 wrote checkpoint.
UpdateSubtrainer:At iteration 31750/89000/89000, mean rms=0.489%, delta=0.676%, BCER train=1.226%, BWER train=3.626%, skip ratio=0.000%,
At iteration 32076/89000/89000, mean rms=0.517%, delta=0.776%, BCER train=1.303%, BWER train=3.729%, skip ratio=0.000%, sub_trainer=1.167 margin=11.654
At iteration 31750/89000/89000, mean rms=0.489%, delta=0.676%, BCER train=1.226%, BWER train=3.626%, skip ratio=0.000%,
 wrote checkpoint.
UpdateSubtrainer:At iteration 31784/89100/89100, mean rms=0.492%, delta=0.684%, BCER train=1.177%, BWER train=3.551%, skip ratio=0.000%,
At iteration 32116/89100/89100, mean rms=0.517%, delta=0.765%, BCER train=1.275%, BWER train=3.660%, skip ratio=0.000%, sub_trainer=1.226 margin=3.997
At iteration 31784/89100/89100, mean rms=0.492%, delta=0.684%, BCER train=1.177%, BWER train=3.551%, skip ratio=0.000%,
 wrote checkpoint.
UpdateSubtrainer:At iteration 31808/89200/89200, mean rms=0.476%, delta=0.648%, BCER train=1.111%, BWER train=3.421%, skip ratio=0.000%,
At iteration 32143/89200/89200, mean rms=0.500%, delta=0.706%, BCER train=1.279%, BWER train=3.564%, skip ratio=0.000%, sub_trainer=1.177 margin=8.666
At iteration 31808/89200/89200, mean rms=0.476%, delta=0.648%, BCER train=1.111%, BWER train=3.421%, skip ratio=0.000%,
 wrote checkpoint.
UpdateSubtrainer:At iteration 31841/89300/89300, mean rms=0.496%, delta=0.713%, BCER train=1.147%, BWER train=3.557%, skip ratio=0.000%,
At iteration 32175/89300/89300, mean rms=0.511%, delta=0.755%, BCER train=1.320%, BWER train=3.617%, skip ratio=0.000%, sub_trainer=1.111 margin=18.812
At iteration 31841/89300/89300, mean rms=0.496%, delta=0.713%, BCER train=1.147%, BWER train=3.557%, skip ratio=0.000%,
 wrote checkpoint.
UpdateSubtrainer:At iteration 31878/89400/89400, mean rms=0.510%, delta=0.737%, BCER train=1.190%, BWER train=3.574%, skip ratio=0.000%,
At iteration 32210/89400/89400, mean rms=0.521%, delta=0.764%, BCER train=1.375%, BWER train=3.672%, skip ratio=0.000%, sub_trainer=1.147 margin=19.878
At iteration 31878/89400/89400, mean rms=0.510%, delta=0.737%, BCER train=1.190%, BWER train=3.574%, skip ratio=0.000%,
 wrote checkpoint.
UpdateSubtrainer:At iteration 31896/89500/89500, mean rms=0.487%, delta=0.685%, BCER train=1.085%, BWER train=3.274%, skip ratio=0.000%,
At iteration 32231/89500/89500, mean rms=0.499%, delta=0.706%, BCER train=1.274%, BWER train=3.441%, skip ratio=0.000%, sub_trainer=1.190 margin=7.059
At iteration 31896/89500/89500, mean rms=0.487%, delta=0.685%, BCER train=1.085%, BWER train=3.274%, skip ratio=0.000%,
 wrote checkpoint.
UpdateSubtrainer:At iteration 31922/89600/89600, mean rms=0.482%, delta=0.670%, BCER train=1.072%, BWER train=3.192%, skip ratio=0.000%,
At iteration 32261/89600/89600, mean rms=0.494%, delta=0.674%, BCER train=1.211%, BWER train=3.441%, skip ratio=0.000%, sub_trainer=1.085 margin=11.613
At iteration 31922/89600/89600, mean rms=0.482%, delta=0.670%, BCER train=1.072%, BWER train=3.192%, skip ratio=0.000%,
 wrote checkpoint.
UpdateSubtrainer:At iteration 31956/89700/89700, mean rms=0.485%, delta=0.675%, BCER train=1.061%, BWER train=3.347%, skip ratio=0.000%,
At iteration 32294/89700/89700, mean rms=0.490%, delta=0.654%, BCER train=1.175%, BWER train=3.519%, skip ratio=0.000%, sub_trainer=1.072 margin=9.608
At iteration 31956/89700/89700, mean rms=0.485%, delta=0.675%, BCER train=1.061%, BWER train=3.347%, skip ratio=0.000%,
 wrote checkpoint.
UpdateSubtrainer:At iteration 31995/89800/89800, mean rms=0.481%, delta=0.655%, BCER train=0.990%, BWER train=3.347%, skip ratio=0.000%,
At iteration 32324/89800/89800, mean rms=0.476%, delta=0.618%, BCER train=1.146%, BWER train=3.366%, skip ratio=0.000%, sub_trainer=1.061 margin=8.011
At iteration 31995/89800/89800, mean rms=0.481%, delta=0.655%, BCER train=0.990%, BWER train=3.347%, skip ratio=0.000%,
 wrote checkpoint.
UpdateSubtrainer:At iteration 32030/89900/89900, mean rms=0.487%, delta=0.658%, BCER train=1.038%, BWER train=3.439%, skip ratio=0.000%,
At iteration 32345/89900/89900, mean rms=0.474%, delta=0.620%, BCER train=1.122%, BWER train=3.282%, skip ratio=0.000%, sub_trainer=0.990 margin=13.333
At iteration 32030/89900/89900, mean rms=0.487%, delta=0.658%, BCER train=1.038%, BWER train=3.439%, skip ratio=0.000%,
 wrote checkpoint.
UpdateSubtrainer:At iteration 32061/90000/90000, mean rms=0.483%, delta=0.672%, BCER train=1.017%, BWER train=3.341%, skip ratio=0.000%,
At iteration 32378/90000/90000, mean rms=0.464%, delta=0.597%, BCER train=1.092%, BWER train=3.277%, skip ratio=0.000%, sub_trainer=1.038 margin=5.202
At iteration 32061/90000/90000, mean rms=0.483%, delta=0.672%, BCER train=1.017%, BWER train=3.341%, skip ratio=0.000%,
 wrote checkpoint.
UpdateSubtrainer:At iteration 32098/90100/90100, mean rms=0.492%, delta=0.695%, BCER train=1.113%, BWER train=3.392%, skip ratio=0.000%,
At iteration 32418/90100/90100, mean rms=0.471%, delta=0.620%, BCER train=1.155%, BWER train=3.322%, skip ratio=0.000%, sub_trainer=1.017 margin=13.569
At iteration 32098/90100/90100, mean rms=0.492%, delta=0.695%, BCER train=1.113%, BWER train=3.392%, skip ratio=0.000%,
 wrote checkpoint.
UpdateSubtrainer:At iteration 32141/90200/90200, mean rms=0.511%, delta=0.741%, BCER train=1.219%, BWER train=3.710%, skip ratio=0.000%,
At iteration 32455/90200/90200, mean rms=0.488%, delta=0.649%, BCER train=1.243%, BWER train=3.570%, skip ratio=0.000%, sub_trainer=1.113 margin=11.680
At iteration 32141/90200/90200, mean rms=0.511%, delta=0.741%, BCER train=1.219%, BWER train=3.710%, skip ratio=0.000%,
 wrote checkpoint.
UpdateSubtrainer:At iteration 32178/90300/90300, mean rms=0.518%, delta=0.757%, BCER train=1.321%, BWER train=3.752%, skip ratio=0.000%,
At iteration 32496/90300/90300, mean rms=0.497%, delta=0.675%, BCER train=1.350%, BWER train=3.709%, skip ratio=0.000%, sub_trainer=1.219 margin=10.747
At iteration 32178/90300/90300, mean rms=0.518%, delta=0.757%, BCER train=1.321%, BWER train=3.752%, skip ratio=0.000%,
 wrote checkpoint.
At iteration 32532/90400/90400, mean rms=0.488%, delta=0.654%, BCER train=1.330%, BWER train=3.673%, skip ratio=0.000%, wrote checkpoint.
UpdateSubtrainer:At iteration 32214/90400/90400, mean rms=0.515%, delta=0.778%, BCER train=1.351%, BWER train=3.799%, skip ratio=0.000%,
UpdateSubtrainer:At iteration 32245/90500/90500, mean rms=0.533%, delta=0.843%, BCER train=1.428%, BWER train=3.869%, skip ratio=0.000%,
At iteration 32574/90500/90500, mean rms=0.512%, delta=0.725%, BCER train=1.452%, BWER train=3.884%, skip ratio=0.000%, sub_trainer=1.321 margin=9.917
At iteration 32214/90400/90400, mean rms=0.515%, delta=0.778%, BCER train=1.351%, BWER train=3.799%, skip ratio=0.000%,
At iteration 32245/90500/90500, mean rms=0.533%, delta=0.843%, BCER train=1.428%, BWER train=3.869%, skip ratio=0.000%,
 New worst BCER = 1.452Previous test incomplete, skipping test at iteration 31342 wrote checkpoint.
UpdateSubtrainer:At iteration 32265/90600/90600, mean rms=0.529%, delta=0.838%, BCER train=1.399%, BWER train=3.823%, skip ratio=0.000%,
At iteration 32617/90600/90600, mean rms=0.521%, delta=0.764%, BCER train=1.547%, BWER train=3.985%, skip ratio=0.000%, sub_trainer=1.428 margin=8.333
At iteration 32265/90600/90600, mean rms=0.529%, delta=0.838%, BCER train=1.399%, BWER train=3.823%, skip ratio=0.000%,
 New worst BCER = 1.547Previous test incomplete, skipping test at iteration 32574 wrote checkpoint.
UpdateSubtrainer:At iteration 32293/90700/90700, mean rms=0.522%, delta=0.825%, BCER train=1.372%, BWER train=3.633%, skip ratio=0.000%,
At iteration 32649/90700/90700, mean rms=0.523%, delta=0.778%, BCER train=1.572%, BWER train=3.940%, skip ratio=0.000%, sub_trainer=1.399 margin=12.366
At iteration 32293/90700/90700, mean rms=0.522%, delta=0.825%, BCER train=1.372%, BWER train=3.633%, skip ratio=0.000%,
 New worst BCER = 1.572Previous test incomplete, skipping test at iteration 32617 wrote checkpoint.
UpdateSubtrainer:At iteration 32315/90800/90800, mean rms=0.510%, delta=0.793%, BCER train=1.336%, BWER train=3.475%, skip ratio=0.000%,
At iteration 32677/90800/90800, mean rms=0.530%, delta=0.795%, BCER train=1.570%, BWER train=3.960%, skip ratio=0.000%, sub_trainer=1.372 margin=14.431
At iteration 32315/90800/90800, mean rms=0.510%, delta=0.793%, BCER train=1.336%, BWER train=3.475%, skip ratio=0.000%,
 wrote checkpoint.
UpdateSubtrainer:At iteration 32341/90900/90900, mean rms=0.498%, delta=0.770%, BCER train=1.269%, BWER train=3.326%, skip ratio=0.000%,
At iteration 32710/90900/90900, mean rms=0.536%, delta=0.790%, BCER train=1.611%, BWER train=4.033%, skip ratio=0.000%, sub_trainer=1.336 margin=20.584
At iteration 32341/90900/90900, mean rms=0.498%, delta=0.770%, BCER train=1.269%, BWER train=3.326%, skip ratio=0.000%,
 New worst BCER = 1.611Previous test incomplete, skipping test at iteration 32649 wrote checkpoint.
UpdateSubtrainer:At iteration 32375/91000/91000, mean rms=0.493%, delta=0.744%, BCER train=1.300%, BWER train=3.452%, skip ratio=0.000%,
At iteration 32742/91000/91000, mean rms=0.536%, delta=0.779%, BCER train=1.614%, BWER train=4.053%, skip ratio=0.000%, sub_trainer=1.269 margin=27.187
At iteration 32375/91000/91000, mean rms=0.493%, delta=0.744%, BCER train=1.300%, BWER train=3.452%, skip ratio=0.000%,
 New worst BCER = 1.614Previous test incomplete, skipping test at iteration 32710 wrote checkpoint.
UpdateSubtrainer:At iteration 32409/91100/91100, mean rms=0.486%, delta=0.734%, BCER train=1.210%, BWER train=3.437%, skip ratio=0.000%,
At iteration 32783/91100/91100, mean rms=0.533%, delta=0.769%, BCER train=1.619%, BWER train=4.109%, skip ratio=0.000%, sub_trainer=1.300 margin=24.538
At iteration 32409/91100/91100, mean rms=0.486%, delta=0.734%, BCER train=1.210%, BWER train=3.437%, skip ratio=0.000%,
 New worst BCER = 1.619Previous test incomplete, skipping test at iteration 32742 wrote checkpoint.
UpdateSubtrainer:At iteration 32441/91200/91200, mean rms=0.476%, delta=0.708%, BCER train=1.156%, BWER train=3.279%, skip ratio=0.000%,
At iteration 32823/91200/91200, mean rms=0.528%, delta=0.756%, BCER train=1.549%, BWER train=4.119%, skip ratio=0.000%, sub_trainer=1.210 margin=28.017
At iteration 32441/91200/91200, mean rms=0.476%, delta=0.708%, BCER train=1.156%, BWER train=3.279%, skip ratio=0.000%,
 wrote checkpoint.
UpdateSubtrainer:At iteration 32469/91300/91300, mean rms=0.460%, delta=0.651%, BCER train=1.043%, BWER train=3.168%, skip ratio=0.000%,
At iteration 32858/91300/91300, mean rms=0.520%, delta=0.716%, BCER train=1.393%, BWER train=4.018%, skip ratio=0.000%, sub_trainer=1.156 margin=20.502
At iteration 32469/91300/91300, mean rms=0.460%, delta=0.651%, BCER train=1.043%, BWER train=3.168%, skip ratio=0.000%,
 wrote checkpoint.
UpdateSubtrainer:At iteration 32499/91400/91400, mean rms=0.443%, delta=0.581%, BCER train=0.940%, BWER train=3.006%, skip ratio=0.000%,
At iteration 32888/91400/91400, mean rms=0.505%, delta=0.667%, BCER train=1.269%, BWER train=3.881%, skip ratio=0.000%, sub_trainer=1.043 margin=21.668
At iteration 32499/91400/91400, mean rms=0.443%, delta=0.581%, BCER train=0.940%, BWER train=3.006%, skip ratio=0.000%,
 wrote checkpoint.
UpdateSubtrainer:At iteration 32534/91500/91500, mean rms=0.441%, delta=0.566%, BCER train=0.922%, BWER train=3.041%, skip ratio=0.000%,
At iteration 32924/91500/91500, mean rms=0.504%, delta=0.664%, BCER train=1.279%, BWER train=3.805%, skip ratio=0.000%, sub_trainer=0.940 margin=36.064
At iteration 32534/91500/91500, mean rms=0.441%, delta=0.566%, BCER train=0.922%, BWER train=3.041%, skip ratio=0.000%,
 wrote checkpoint.
UpdateSubtrainer:At iteration 32573/91600/91600, mean rms=0.459%, delta=0.615%, BCER train=1.003%, BWER train=3.305%, skip ratio=0.000%,
At iteration 32964/91600/91600, mean rms=0.506%, delta=0.677%, BCER train=1.223%, BWER train=3.805%, skip ratio=0.000%, sub_trainer=0.922 margin=32.646
At iteration 32573/91600/91600, mean rms=0.459%, delta=0.615%, BCER train=1.003%, BWER train=3.305%, skip ratio=0.000%,
 wrote checkpoint.
UpdateSubtrainer:At iteration 32611/91700/91700, mean rms=0.477%, delta=0.681%, BCER train=1.092%, BWER train=3.523%, skip ratio=0.000%,
At iteration 33000/91700/91700, mean rms=0.523%, delta=0.712%, BCER train=1.324%, BWER train=3.812%, skip ratio=0.000%, sub_trainer=1.003 margin=32.004
At iteration 32611/91700/91700, mean rms=0.477%, delta=0.681%, BCER train=1.092%, BWER train=3.523%, skip ratio=0.000%,
 wrote checkpoint.
UpdateSubtrainer:At iteration 32638/91800/91800, mean rms=0.484%, delta=0.709%, BCER train=1.130%, BWER train=3.573%, skip ratio=0.000%,
At iteration 33031/91800/91800, mean rms=0.526%, delta=0.720%, BCER train=1.321%, BWER train=3.840%, skip ratio=0.000%, sub_trainer=1.092 margin=20.971
At iteration 32638/91800/91800, mean rms=0.484%, delta=0.709%, BCER train=1.130%, BWER train=3.573%, skip ratio=0.000%,
 wrote checkpoint.
UpdateSubtrainer:At iteration 32678/91900/91900, mean rms=0.495%, delta=0.723%, BCER train=1.143%, BWER train=3.812%, skip ratio=0.000%,
At iteration 33070/91900/91900, mean rms=0.531%, delta=0.738%, BCER train=1.303%, BWER train=3.996%, skip ratio=0.000%, sub_trainer=1.130 margin=15.310
At iteration 32678/91900/91900, mean rms=0.495%, delta=0.723%, BCER train=1.143%, BWER train=3.812%, skip ratio=0.000%,
 wrote checkpoint.
UpdateSubtrainer:At iteration 32721/92000/92000, mean rms=0.505%, delta=0.746%, BCER train=1.221%, BWER train=3.847%, skip ratio=0.000%,
At iteration 33113/92000/92000, mean rms=0.538%, delta=0.770%, BCER train=1.353%, BWER train=4.030%, skip ratio=0.000%, sub_trainer=1.143 margin=18.373
At iteration 32721/92000/92000, mean rms=0.505%, delta=0.746%, BCER train=1.221%, BWER train=3.847%, skip ratio=0.000%,
 wrote checkpoint.
UpdateSubtrainer:At iteration 32759/92100/92100, mean rms=0.508%, delta=0.737%, BCER train=1.286%, BWER train=3.857%, skip ratio=0.000%,
At iteration 33148/92100/92100, mean rms=0.532%, delta=0.750%, BCER train=1.279%, BWER train=3.837%, skip ratio=0.000%, sub_trainer=1.221 margin=4.750
At iteration 32759/92100/92100, mean rms=0.508%, delta=0.737%, BCER train=1.286%, BWER train=3.857%, skip ratio=0.000%,
 wrote checkpoint.
At iteration 33181/92200/92200, mean rms=0.527%, delta=0.734%, BCER train=1.294%, BWER train=3.785%, skip ratio=0.000%, wrote checkpoint.
UpdateSubtrainer:At iteration 32789/92200/92200, mean rms=0.503%, delta=0.724%, BCER train=1.262%, BWER train=3.793%, skip ratio=0.000%,
UpdateSubtrainer:At iteration 32822/92300/92300, mean rms=0.508%, delta=0.744%, BCER train=1.285%, BWER train=3.913%, skip ratio=0.000%,
At iteration 33210/92300/92300, mean rms=0.525%, delta=0.728%, BCER train=1.364%, BWER train=3.832%, skip ratio=0.000%, sub_trainer=1.286 margin=6.065
At iteration 32789/92200/92200, mean rms=0.503%, delta=0.724%, BCER train=1.262%, BWER train=3.793%, skip ratio=0.000%,
At iteration 32822/92300/92300, mean rms=0.508%, delta=0.744%, BCER train=1.285%, BWER train=3.913%, skip ratio=0.000%,
 wrote checkpoint.
UpdateSubtrainer:At iteration 32862/92400/92400, mean rms=0.524%, delta=0.791%, BCER train=1.387%, BWER train=4.069%, skip ratio=0.000%,
At iteration 33240/92400/92400, mean rms=0.531%, delta=0.739%, BCER train=1.419%, BWER train=3.860%, skip ratio=0.000%, sub_trainer=1.285 margin=10.428
At iteration 32862/92400/92400, mean rms=0.524%, delta=0.791%, BCER train=1.387%, BWER train=4.069%, skip ratio=0.000%,
 wrote checkpoint.
At iteration 33274/92500/92500, mean rms=0.523%, delta=0.704%, BCER train=1.362%, BWER train=3.877%, skip ratio=0.000%, wrote checkpoint.
At iteration 33299/92600/92600, mean rms=0.509%, delta=0.670%, BCER train=1.336%, BWER train=3.679%, skip ratio=0.000%, wrote checkpoint.
At iteration 33341/92700/92700, mean rms=0.501%, delta=0.650%, BCER train=1.202%, BWER train=3.731%, skip ratio=0.000%, wrote checkpoint.
At iteration 33383/92800/92800, mean rms=0.515%, delta=0.679%, BCER train=1.250%, BWER train=3.980%, skip ratio=0.000%, wrote checkpoint.
At iteration 33409/92900/92900, mean rms=0.498%, delta=0.647%, BCER train=1.231%, BWER train=3.813%, skip ratio=0.000%, wrote checkpoint.
At iteration 33439/93000/93000, mean rms=0.492%, delta=0.622%, BCER train=1.194%, BWER train=3.692%, skip ratio=0.000%, wrote checkpoint.
At iteration 33474/93100/93100, mean rms=0.495%, delta=0.630%, BCER train=1.260%, BWER train=3.886%, skip ratio=0.000%, wrote checkpoint.
At iteration 33514/93200/93200, mean rms=0.503%, delta=0.655%, BCER train=1.297%, BWER train=3.875%, skip ratio=0.000%, wrote checkpoint.
At iteration 33549/93300/93300, mean rms=0.506%, delta=0.675%, BCER train=1.262%, BWER train=3.821%, skip ratio=0.000%, wrote checkpoint.
At iteration 33576/93400/93400, mean rms=0.508%, delta=0.686%, BCER train=1.262%, BWER train=3.778%, skip ratio=0.000%, wrote checkpoint.
At iteration 33616/93500/93500, mean rms=0.517%, delta=0.719%, BCER train=1.278%, BWER train=3.851%, skip ratio=0.000%, wrote checkpoint.
At iteration 33651/93600/93600, mean rms=0.525%, delta=0.736%, BCER train=1.333%, BWER train=4.002%, skip ratio=0.000%, wrote checkpoint.
At iteration 33684/93700/93700, mean rms=0.516%, delta=0.700%, BCER train=1.330%, BWER train=3.866%, skip ratio=0.000%, wrote checkpoint.
At iteration 33716/93800/93800, mean rms=0.501%, delta=0.664%, BCER train=1.297%, BWER train=3.774%, skip ratio=0.000%, wrote checkpoint.
At iteration 33749/93900/93900, mean rms=0.513%, delta=0.686%, BCER train=1.326%, BWER train=3.819%, skip ratio=0.000%, wrote checkpoint.
At iteration 33783/94000/94000, mean rms=0.508%, delta=0.676%, BCER train=1.314%, BWER train=3.842%, skip ratio=0.000%, wrote checkpoint.
At iteration 33810/94100/94100, mean rms=0.500%, delta=0.660%, BCER train=1.278%, BWER train=3.730%, skip ratio=0.000%, wrote checkpoint.
At iteration 33837/94200/94200, mean rms=0.488%, delta=0.623%, BCER train=1.200%, BWER train=3.599%, skip ratio=0.000%, wrote checkpoint.
At iteration 33870/94300/94300, mean rms=0.497%, delta=0.650%, BCER train=1.196%, BWER train=3.583%, skip ratio=0.000%, wrote checkpoint.
At iteration 33904/94400/94400, mean rms=0.503%, delta=0.651%, BCER train=1.226%, BWER train=3.801%, skip ratio=0.000%, wrote checkpoint.
At iteration 33948/94500/94500, mean rms=0.509%, delta=0.679%, BCER train=1.283%, BWER train=3.798%, skip ratio=0.000%, wrote checkpoint.
At iteration 33975/94600/94600, mean rms=0.503%, delta=0.653%, BCER train=1.237%, BWER train=3.639%, skip ratio=0.000%, wrote checkpoint.
At iteration 34006/94700/94700, mean rms=0.500%, delta=0.645%, BCER train=1.212%, BWER train=3.601%, skip ratio=0.000%, wrote checkpoint.
At iteration 34039/94800/94800, mean rms=0.503%, delta=0.644%, BCER train=1.241%, BWER train=3.525%, skip ratio=0.000%, wrote checkpoint.
At iteration 34072/94900/94900, mean rms=0.509%, delta=0.669%, BCER train=1.276%, BWER train=3.588%, skip ratio=0.000%, wrote checkpoint.
At iteration 34103/95000/95000, mean rms=0.514%, delta=0.683%, BCER train=1.295%, BWER train=3.543%, skip ratio=0.000%, wrote checkpoint.
At iteration 34131/95100/95100, mean rms=0.517%, delta=0.692%, BCER train=1.251%, BWER train=3.474%, skip ratio=0.000%, wrote checkpoint.
At iteration 34171/95200/95200, mean rms=0.527%, delta=0.731%, BCER train=1.413%, BWER train=3.864%, skip ratio=0.000%, wrote checkpoint.
At iteration 34198/95300/95300, mean rms=0.503%, delta=0.645%, BCER train=1.361%, BWER train=3.865%, skip ratio=0.000%, wrote checkpoint.
At iteration 34226/95400/95400, mean rms=0.497%, delta=0.642%, BCER train=1.361%, BWER train=3.665%, skip ratio=0.000%, wrote checkpoint.
At iteration 34253/95500/95500, mean rms=0.481%, delta=0.597%, BCER train=1.313%, BWER train=3.594%, skip ratio=0.000%, wrote checkpoint.
At iteration 34278/95600/95600, mean rms=0.473%, delta=0.573%, BCER train=1.259%, BWER train=3.575%, skip ratio=0.000%, wrote checkpoint.
At iteration 34304/95700/95700, mean rms=0.470%, delta=0.584%, BCER train=1.282%, BWER train=3.620%, skip ratio=0.000%, wrote checkpoint.
At iteration 34331/95800/95800, mean rms=0.467%, delta=0.586%, BCER train=1.265%, BWER train=3.605%, skip ratio=0.000%, wrote checkpoint.
At iteration 34371/95900/95900, mean rms=0.470%, delta=0.592%, BCER train=1.326%, BWER train=3.618%, skip ratio=0.000%, wrote checkpoint.
At iteration 34400/96000/96000, mean rms=0.472%, delta=0.600%, BCER train=1.315%, BWER train=3.591%, skip ratio=0.000%, wrote checkpoint.
At iteration 34442/96100/96100, mean rms=0.488%, delta=0.656%, BCER train=1.381%, BWER train=3.722%, skip ratio=0.000%, wrote checkpoint.
At iteration 34479/96200/96200, mean rms=0.489%, delta=0.656%, BCER train=1.232%, BWER train=3.421%, skip ratio=0.000%, wrote checkpoint.
At iteration 34508/96300/96300, mean rms=0.500%, delta=0.684%, BCER train=1.261%, BWER train=3.418%, skip ratio=0.000%, wrote checkpoint.
At iteration 34541/96400/96400, mean rms=0.506%, delta=0.704%, BCER train=1.240%, BWER train=3.532%, skip ratio=0.000%, wrote checkpoint.
At iteration 34573/96500/96500, mean rms=0.503%, delta=0.687%, BCER train=1.217%, BWER train=3.542%, skip ratio=0.000%, wrote checkpoint.
At iteration 34617/96600/96600, mean rms=0.528%, delta=0.755%, BCER train=1.354%, BWER train=3.938%, skip ratio=0.000%, wrote checkpoint.
At iteration 34644/96700/96700, mean rms=0.541%, delta=0.792%, BCER train=1.393%, BWER train=4.046%, skip ratio=0.000%, wrote checkpoint.
At iteration 34674/96800/96800, mean rms=0.545%, delta=0.806%, BCER train=1.388%, BWER train=4.031%, skip ratio=0.000%, wrote checkpoint.
At iteration 34702/96900/96900, mean rms=0.533%, delta=0.775%, BCER train=1.308%, BWER train=3.983%, skip ratio=0.000%, wrote checkpoint.
At iteration 34728/97000/97000, mean rms=0.528%, delta=0.763%, BCER train=1.295%, BWER train=3.976%, skip ratio=0.000%, wrote checkpoint.
At iteration 34754/97100/97100, mean rms=0.506%, delta=0.673%, BCER train=1.221%, BWER train=3.852%, skip ratio=0.000%, wrote checkpoint.
At iteration 34783/97200/97200, mean rms=0.499%, delta=0.656%, BCER train=1.221%, BWER train=3.804%, skip ratio=0.000%, wrote checkpoint.
At iteration 34814/97300/97300, mean rms=0.503%, delta=0.671%, BCER train=1.231%, BWER train=3.846%, skip ratio=0.000%, wrote checkpoint.
At iteration 34843/97400/97400, mean rms=0.492%, delta=0.652%, BCER train=1.205%, BWER train=3.715%, skip ratio=0.000%, wrote checkpoint.
At iteration 34872/97500/97500, mean rms=0.490%, delta=0.655%, BCER train=1.176%, BWER train=3.673%, skip ratio=0.000%, wrote checkpoint.
At iteration 34905/97600/97600, mean rms=0.479%, delta=0.634%, BCER train=1.103%, BWER train=3.382%, skip ratio=0.000%, wrote checkpoint.
At iteration 34937/97700/97700, mean rms=0.471%, delta=0.598%, BCER train=1.066%, BWER train=3.297%, skip ratio=0.000%, wrote checkpoint.
At iteration 34975/97800/97800, mean rms=0.470%, delta=0.585%, BCER train=1.076%, BWER train=3.381%, skip ratio=0.000%, wrote checkpoint.
At iteration 35005/97900/97900, mean rms=0.476%, delta=0.598%, BCER train=1.075%, BWER train=3.470%, skip ratio=0.000%, wrote checkpoint.
At iteration 35036/98000/98000, mean rms=0.480%, delta=0.606%, BCER train=1.090%, BWER train=3.606%, skip ratio=0.000%, wrote checkpoint.
At iteration 35064/98100/98100, mean rms=0.492%, delta=0.672%, BCER train=1.170%, BWER train=3.653%, skip ratio=0.000%, wrote checkpoint.
At iteration 35094/98200/98200, mean rms=0.495%, delta=0.675%, BCER train=1.183%, BWER train=3.672%, skip ratio=0.000%, wrote checkpoint.
At iteration 35133/98300/98300, mean rms=0.497%, delta=0.677%, BCER train=1.204%, BWER train=3.799%, skip ratio=0.000%, wrote checkpoint.
At iteration 35160/98400/98400, mean rms=0.505%, delta=0.681%, BCER train=1.254%, BWER train=3.871%, skip ratio=0.000%, wrote checkpoint.
At iteration 35192/98500/98500, mean rms=0.507%, delta=0.666%, BCER train=1.282%, BWER train=3.846%, skip ratio=0.000%, wrote checkpoint.
At iteration 35222/98600/98600, mean rms=0.510%, delta=0.691%, BCER train=1.382%, BWER train=3.933%, skip ratio=0.000%, wrote checkpoint.
UpdateSubtrainer:At iteration 32902/92500/92500, mean rms=0.529%, delta=0.779%, BCER train=1.442%, BWER train=4.110%, skip ratio=0.000%,
At iteration 35260/98700/98700, mean rms=0.513%, delta=0.719%, BCER train=1.423%, BWER train=3.944%, skip ratio=0.000%, sub_trainer=1.387 margin=2.596
At iteration 32902/92500/92500, mean rms=0.529%, delta=0.779%, BCER train=1.442%, BWER train=4.110%, skip ratio=0.000%,
 wrote checkpoint.
At iteration 35297/98800/98800, mean rms=0.510%, delta=0.712%, BCER train=1.427%, BWER train=3.844%, skip ratio=0.000%, wrote checkpoint.
At iteration 35322/98900/98900, mean rms=0.503%, delta=0.701%, BCER train=1.439%, BWER train=3.707%, skip ratio=0.000%, wrote checkpoint.
At iteration 35346/99000/99000, mean rms=0.497%, delta=0.688%, BCER train=1.424%, BWER train=3.591%, skip ratio=0.000%, wrote checkpoint.
At iteration 35376/99100/99100, mean rms=0.494%, delta=0.675%, BCER train=1.388%, BWER train=3.515%, skip ratio=0.000%, wrote checkpoint.
At iteration 35419/99200/99200, mean rms=0.511%, delta=0.727%, BCER train=1.452%, BWER train=3.546%, skip ratio=0.000%, wrote checkpoint.
At iteration 35448/99300/99300, mean rms=0.498%, delta=0.706%, BCER train=1.422%, BWER train=3.410%, skip ratio=0.000%, wrote checkpoint.
At iteration 35492/99400/99400, mean rms=0.507%, delta=0.746%, BCER train=1.465%, BWER train=3.485%, skip ratio=0.000%, wrote checkpoint.
UpdateSubtrainer:At iteration 32933/92600/92600, mean rms=0.520%, delta=0.752%, BCER train=1.415%, BWER train=3.948%, skip ratio=0.000%,
UpdateSubtrainer:At iteration 32973/92700/92700, mean rms=0.511%, delta=0.693%, BCER train=1.356%, BWER train=3.870%, skip ratio=0.000%,
UpdateSubtrainer:At iteration 33010/92800/92800, mean rms=0.523%, delta=0.728%, BCER train=1.429%, BWER train=4.111%, skip ratio=0.000%,
UpdateSubtrainer:At iteration 33037/92900/92900, mean rms=0.514%, delta=0.718%, BCER train=1.411%, BWER train=3.897%, skip ratio=0.000%,
UpdateSubtrainer:At iteration 33073/93000/93000, mean rms=0.514%, delta=0.733%, BCER train=1.356%, BWER train=3.850%, skip ratio=0.000%,
UpdateSubtrainer:At iteration 33104/93100/93100, mean rms=0.507%, delta=0.722%, BCER train=1.298%, BWER train=3.778%, skip ratio=0.000%,
UpdateSubtrainer:At iteration 33135/93200/93200, mean rms=0.512%, delta=0.745%, BCER train=1.345%, BWER train=3.819%, skip ratio=0.000%,
UpdateSubtrainer:At iteration 33167/93300/93300, mean rms=0.511%, delta=0.737%, BCER train=1.330%, BWER train=3.671%, skip ratio=0.000%,
UpdateSubtrainer:At iteration 33199/93400/93400, mean rms=0.505%, delta=0.726%, BCER train=1.275%, BWER train=3.536%, skip ratio=0.000%,
UpdateSubtrainer:At iteration 33237/93500/93500, mean rms=0.505%, delta=0.730%, BCER train=1.238%, BWER train=3.605%, skip ratio=0.000%,
UpdateSubtrainer:At iteration 33271/93600/93600, mean rms=0.512%, delta=0.747%, BCER train=1.278%, BWER train=3.741%, skip ratio=0.000%,
UpdateSubtrainer:At iteration 33301/93700/93700, mean rms=0.504%, delta=0.735%, BCER train=1.248%, BWER train=3.572%, skip ratio=0.000%,
UpdateSubtrainer:At iteration 33333/93800/93800, mean rms=0.496%, delta=0.690%, BCER train=1.216%, BWER train=3.591%, skip ratio=0.000%,
UpdateSubtrainer:At iteration 33367/93900/93900, mean rms=0.503%, delta=0.705%, BCER train=1.246%, BWER train=3.659%, skip ratio=0.000%,
UpdateSubtrainer:At iteration 33399/94000/94000, mean rms=0.490%, delta=0.654%, BCER train=1.186%, BWER train=3.584%, skip ratio=0.000%,
UpdateSubtrainer:At iteration 33433/94100/94100, mean rms=0.492%, delta=0.667%, BCER train=1.209%, BWER train=3.713%, skip ratio=0.000%,
UpdateSubtrainer:At iteration 33458/94200/94200, mean rms=0.481%, delta=0.622%, BCER train=1.137%, BWER train=3.622%, skip ratio=0.000%,
UpdateSubtrainer:At iteration 33503/94300/94300, mean rms=0.495%, delta=0.670%, BCER train=1.155%, BWER train=3.782%, skip ratio=0.000%,
UpdateSubtrainer:At iteration 33542/94400/94400, mean rms=0.500%, delta=0.680%, BCER train=1.178%, BWER train=3.947%, skip ratio=0.000%,
UpdateSubtrainer:At iteration 33573/94500/94500, mean rms=0.497%, delta=0.685%, BCER train=1.165%, BWER train=3.805%, skip ratio=0.000%,
UpdateSubtrainer:At iteration 33599/94600/94600, mean rms=0.487%, delta=0.665%, BCER train=1.143%, BWER train=3.611%, skip ratio=0.000%,
UpdateSubtrainer:At iteration 33632/94700/94700, mean rms=0.491%, delta=0.665%, BCER train=1.133%, BWER train=3.672%, skip ratio=0.000%,
UpdateSubtrainer:At iteration 33668/94800/94800, mean rms=0.497%, delta=0.701%, BCER train=1.151%, BWER train=3.519%, skip ratio=0.000%,
UpdateSubtrainer:At iteration 33698/94900/94900, mean rms=0.496%, delta=0.701%, BCER train=1.139%, BWER train=3.528%, skip ratio=0.000%,
UpdateSubtrainer:At iteration 33727/95000/95000, mean rms=0.503%, delta=0.719%, BCER train=1.177%, BWER train=3.493%, skip ratio=0.000%,
UpdateSubtrainer:At iteration 33759/95100/95100, mean rms=0.502%, delta=0.709%, BCER train=1.146%, BWER train=3.357%, skip ratio=0.000%,
UpdateSubtrainer:At iteration 33795/95200/95200, mean rms=0.517%, delta=0.771%, BCER train=1.310%, BWER train=3.723%, skip ratio=0.000%,
UpdateSubtrainer:At iteration 33828/95300/95300, mean rms=0.503%, delta=0.701%, BCER train=1.287%, BWER train=3.721%, skip ratio=0.000%,
UpdateSubtrainer:At iteration 33861/95400/95400, mean rms=0.496%, delta=0.688%, BCER train=1.291%, BWER train=3.526%, skip ratio=0.000%,
UpdateSubtrainer:At iteration 33893/95500/95500, mean rms=0.497%, delta=0.693%, BCER train=1.387%, BWER train=3.631%, skip ratio=0.000%,
UpdateSubtrainer:At iteration 33920/95600/95600, mean rms=0.491%, delta=0.668%, BCER train=1.321%, BWER train=3.645%, skip ratio=0.000%,
UpdateSubtrainer:At iteration 33948/95700/95700, mean rms=0.492%, delta=0.694%, BCER train=1.437%, BWER train=3.691%, skip ratio=0.000%,
UpdateSubtrainer:At iteration 33981/95800/95800, mean rms=0.486%, delta=0.678%, BCER train=1.400%, BWER train=3.677%, skip ratio=0.000%,
UpdateSubtrainer:At iteration 34024/95900/95900, mean rms=0.511%, delta=0.760%, BCER train=1.489%, BWER train=3.844%, skip ratio=0.000%,
UpdateSubtrainer:At iteration 34057/96000/96000, mean rms=0.516%, delta=0.784%, BCER train=1.510%, BWER train=3.951%, skip ratio=0.000%,
UpdateSubtrainer:At iteration 34099/96100/96100, mean rms=0.529%, delta=0.810%, BCER train=1.600%, BWER train=4.102%, skip ratio=0.000%,
At iteration 35532/99500/99500, mean rms=0.531%, delta=0.853%, BCER train=1.546%, BWER train=3.706%, skip ratio=0.000%, sub_trainer=1.442 margin=7.212
At iteration 32933/92600/92600, mean rms=0.520%, delta=0.752%, BCER train=1.415%, BWER train=3.948%, skip ratio=0.000%,
At iteration 32973/92700/92700, mean rms=0.511%, delta=0.693%, BCER train=1.356%, BWER train=3.870%, skip ratio=0.000%,
At iteration 33010/92800/92800, mean rms=0.523%, delta=0.728%, BCER train=1.429%, BWER train=4.111%, skip ratio=0.000%,
At iteration 33037/92900/92900, mean rms=0.514%, delta=0.718%, BCER train=1.411%, BWER train=3.897%, skip ratio=0.000%,
At iteration 33073/93000/93000, mean rms=0.514%, delta=0.733%, BCER train=1.356%, BWER train=3.850%, skip ratio=0.000%,
At iteration 33104/93100/93100, mean rms=0.507%, delta=0.722%, BCER train=1.298%, BWER train=3.778%, skip ratio=0.000%,
At iteration 33135/93200/93200, mean rms=0.512%, delta=0.745%, BCER train=1.345%, BWER train=3.819%, skip ratio=0.000%,
At iteration 33167/93300/93300, mean rms=0.511%, delta=0.737%, BCER train=1.330%, BWER train=3.671%, skip ratio=0.000%,
At iteration 33199/93400/93400, mean rms=0.505%, delta=0.726%, BCER train=1.275%, BWER train=3.536%, skip ratio=0.000%,
At iteration 33237/93500/93500, mean rms=0.505%, delta=0.730%, BCER train=1.238%, BWER train=3.605%, skip ratio=0.000%,
At iteration 33271/93600/93600, mean rms=0.512%, delta=0.747%, BCER train=1.278%, BWER train=3.741%, skip ratio=0.000%,
At iteration 33301/93700/93700, mean rms=0.504%, delta=0.735%, BCER train=1.248%, BWER train=3.572%, skip ratio=0.000%,
At iteration 33333/93800/93800, mean rms=0.496%, delta=0.690%, BCER train=1.216%, BWER train=3.591%, skip ratio=0.000%,
At iteration 33367/93900/93900, mean rms=0.503%, delta=0.705%, BCER train=1.246%, BWER train=3.659%, skip ratio=0.000%,
At iteration 33399/94000/94000, mean rms=0.490%, delta=0.654%, BCER train=1.186%, BWER train=3.584%, skip ratio=0.000%,
At iteration 33433/94100/94100, mean rms=0.492%, delta=0.667%, BCER train=1.209%, BWER train=3.713%, skip ratio=0.000%,
At iteration 33458/94200/94200, mean rms=0.481%, delta=0.622%, BCER train=1.137%, BWER train=3.622%, skip ratio=0.000%,
At iteration 33503/94300/94300, mean rms=0.495%, delta=0.670%, BCER train=1.155%, BWER train=3.782%, skip ratio=0.000%,
At iteration 33542/94400/94400, mean rms=0.500%, delta=0.680%, BCER train=1.178%, BWER train=3.947%, skip ratio=0.000%,
At iteration 33573/94500/94500, mean rms=0.497%, delta=0.685%, BCER train=1.165%, BWER train=3.805%, skip ratio=0.000%,
At iteration 33599/94600/94600, mean rms=0.487%, delta=0.665%, BCER train=1.143%, BWER train=3.611%, skip ratio=0.000%,
At iteration 33632/94700/94700, mean rms=0.491%, delta=0.665%, BCER train=1.133%, BWER train=3.672%, skip ratio=0.000%,
At iteration 33668/94800/94800, mean rms=0.497%, delta=0.701%, BCER train=1.151%, BWER train=3.519%, skip ratio=0.000%,
At iteration 33698/94900/94900, mean rms=0.496%, delta=0.701%, BCER train=1.139%, BWER train=3.528%, skip ratio=0.000%,
At iteration 33727/95000/95000, mean rms=0.503%, delta=0.719%, BCER train=1.177%, BWER train=3.493%, skip ratio=0.000%,
At iteration 33759/95100/95100, mean rms=0.502%, delta=0.709%, BCER train=1.146%, BWER train=3.357%, skip ratio=0.000%,
At iteration 33795/95200/95200, mean rms=0.517%, delta=0.771%, BCER train=1.310%, BWER train=3.723%, skip ratio=0.000%,
At iteration 33828/95300/95300, mean rms=0.503%, delta=0.701%, BCER train=1.287%, BWER train=3.721%, skip ratio=0.000%,
At iteration 33861/95400/95400, mean rms=0.496%, delta=0.688%, BCER train=1.291%, BWER train=3.526%, skip ratio=0.000%,
At iteration 33893/95500/95500, mean rms=0.497%, delta=0.693%, BCER train=1.387%, BWER train=3.631%, skip ratio=0.000%,
At iteration 33920/95600/95600, mean rms=0.491%, delta=0.668%, BCER train=1.321%, BWER train=3.645%, skip ratio=0.000%,
At iteration 33948/95700/95700, mean rms=0.492%, delta=0.694%, BCER train=1.437%, BWER train=3.691%, skip ratio=0.000%,
At iteration 33981/95800/95800, mean rms=0.486%, delta=0.678%, BCER train=1.400%, BWER train=3.677%, skip ratio=0.000%,
At iteration 34024/95900/95900, mean rms=0.511%, delta=0.760%, BCER train=1.489%, BWER train=3.844%, skip ratio=0.000%,
At iteration 34057/96000/96000, mean rms=0.516%, delta=0.784%, BCER train=1.510%, BWER train=3.951%, skip ratio=0.000%,
At iteration 34099/96100/96100, mean rms=0.529%, delta=0.810%, BCER train=1.600%, BWER train=4.102%, skip ratio=0.000%,
 wrote checkpoint.
At iteration 35559/99600/99600, mean rms=0.527%, delta=0.817%, BCER train=1.429%, BWER train=3.607%, skip ratio=0.000%, wrote checkpoint.
At iteration 35591/99700/99700, mean rms=0.530%, delta=0.817%, BCER train=1.438%, BWER train=3.600%, skip ratio=0.000%, wrote checkpoint.
At iteration 35626/99800/99800, mean rms=0.537%, delta=0.843%, BCER train=1.488%, BWER train=3.661%, skip ratio=0.000%, wrote checkpoint.
At iteration 35665/99900/99900, mean rms=0.549%, delta=0.860%, BCER train=1.498%, BWER train=3.764%, skip ratio=0.000%, wrote checkpoint.
At iteration 35702/100000/100000, mean rms=0.563%, delta=0.894%, BCER train=1.558%, BWER train=3.892%, skip ratio=0.000%, wrote checkpoint.
Finished! Selected model with minimal training error rate (BCER) = 0.797

lstmtraining \
--stop_training \
--continue_from data/tam_v3/checkpoints/tam_v3_checkpoint \
--traineddata data/tam_v3/tam_v3.traineddata \
--model_output data/tam_v3.traineddata
Loaded file data/tam_v3/checkpoints/tam_v3_checkpoint, unpacking...
